reference_area,time_period,observation_value
Afghanistan,1993,46.03131
Afghanistan,2007,83.34385999999999
Afghanistan,2013,145.84005
Afghanistan,2014,145.49817000000002
Albania,2000,201.10971
Albania,2001,206.25263
Albania,2013,252.05833
Albania,2014,255.79070000000002
Algeria,1984,116.0574
Algeria,1995,156.61946
Algeria,1996,158.15549
Algeria,1997,157.77928
Angola,1982,17.43802
Angola,2008,30.38999
Angola,2009,31.82336
Angola,2010,37.13288
Antigua and Barbuda,2000,207.6677
Antigua and Barbuda,2009,86.49334
Antigua and Barbuda,2010,85.54702
Antigua and Barbuda,2012,90.92281
Antigua and Barbuda,2014,239.23065000000003
Argentina,1975,125.25630000000001
Argentina,1998,223.76690000000002
Argentina,1999,229.88441
Argentina,2000,236.97029
Argentina,2001,238.42300999999998
Argentina,2002,238.14429
Argentina,2003,237.57335999999998
Argentina,2004,238.16984000000002
Argentina,2005,237.05271
Argentina,2006,237.4476
Argentina,2007,237.73435
Argentina,2008,241.19707
Argentina,2009,247.37419
Argentina,2010,252.11705999999998
Argentina,2011,255.79659
Argentina,2012,262.0685
Argentina,2013,264.57919
Armenia,2005,85.59681
Armenia,2006,87.93843
Armenia,2007,271.47916
Armenia,2008,253.34681
Armenia,2009,89.10058
Aruba,1999,233.5149
Aruba,2000,230.44914
Aruba,2001,217.27801999999997
Aruba,2002,230.37119
Aruba,2003,217.04179
Aruba,2004,220.33452
Aruba,2005,225.32825000000003
Aruba,2007,241.54451
Aruba,2008,223.49722
Aruba,2009,233.2429
Aruba,2011,230.96400999999997
Australia,1993,260.5113
Australia,1994,260.5092
Australia,1995,260.99556
Australia,1996,265.93534
Australia,2002,265.10915
Australia,2003,260.01159
Australia,2004,258.96258
Australia,2005,255.02655
Australia,2006,253.27826
Australia,2007,253.47867000000002
Australia,2008,254.62067000000002
Australia,2009,258.06069
Australia,2010,258.81567
Australia,2011,259.30053
Australia,2012,258.45298
Australia,2013,260.5794
Austria,1975,70.26343
Austria,1976,70.62379
Azerbaijan,2006,257.96948
Azerbaijan,2007,256.9609
Azerbaijan,2008,260.36697
Azerbaijan,2009,260.40861
Azerbaijan,2010,257.99415
Azerbaijan,2011,258.11235
Azerbaijan,2012,260.3336
Azerbaijan,2013,262.82966
Azerbaijan,2014,264.04649
Bahamas,1981,90.39679
Bahamas,1984,90.4494
Bahamas,1992,267.44075
Bahamas,1993,268.21475
Bahamas,1994,85.76726
Bahamas,1999,212.51376
Bahamas,2004,238.85696000000002
Bahamas,2005,248.71103
Bahamas,2006,254.77239000000003
Bahamas,2007,261.88458
Bahamas,2008,258.42843
Bahamas,2009,252.08676
Bahamas,2010,248.11276
Bahrain,1977,133.41898
Bahrain,1978,141.81443
Bahrain,1979,152.28778
Bahrain,1982,176.19971
Bahrain,1983,209.63871
Bahrain,1984,201.32922
Bahrain,1985,217.93726999999998
Bahrain,1986,230.6007
Bahrain,1987,221.66878
Bahrain,1989,227.59864
Bahrain,1992,84.78922
Bahrain,1994,272.0541
Bahrain,1995,276.11091999999996
Bahrain,1997,258.04924
Bahrain,1998,260.14570000000003
Bahrain,1999,260.04073
Bahrain,2000,271.81065
Bahrain,2001,91.27759
Bahrain,2002,87.94388
Bahrain,2003,88.12247
Bahrain,2004,89.91911
Bahrain,2005,91.24095
Bahrain,2006,272.83225
Bangladesh,1976,16.1555
Bangladesh,1977,42.32606
Bangladesh,1981,46.48129
Bangladesh,1983,18.89447
Bangladesh,1987,19.13941
Bangladesh,1998,121.60730999999998
Bangladesh,1999,130.76835
Bangladesh,2000,134.74394999999998
Bangladesh,2001,138.54354
Bangladesh,2002,141.92291
Bangladesh,2003,141.3177
Bangladesh,2004,131.59703
Bangladesh,2005,127.83229
Bangladesh,2006,129.82748
Bangladesh,2007,132.24264
Bangladesh,2009,135.03282000000002
Bangladesh,2010,138.85807
Bangladesh,2011,137.76981999999998
Bangladesh,2012,144.60252
Bangladesh,2013,157.8819
Barbados,1978,241.49704
Barbados,1981,253.76552
Barbados,1982,248.71672
Barbados,1983,248.69218
Barbados,1984,251.82572
Barbados,1985,263.36667
Barbados,1989,245.51691
Barbados,1990,236.51769000000002
Barbados,1999,94.89026
Barbados,2000,275.6662
Barbados,2001,259.52776
Barbados,2002,262.94666
Barbados,2003,268.51761
Barbados,2004,279.24703999999997
Barbados,2005,276.61301000000003
Barbados,2006,275.24894
Barbados,2007,276.42109
Barbados,2008,264.70994
Barbados,2009,253.20305000000002
Barbados,2010,255.54768
Barbados,2011,266.51093000000003
Barbados,2014,99.42875
Belarus,2010,281.66642
Belarus,2011,282.71475
Belarus,2012,288.56835
Belarus,2013,98.14015
Belarus,2014,99.46545
Belgium,1977,232.43255
Belgium,1993,289.08078
Belgium,1994,294.03659
Belgium,1995,296.39101
Belgium,1996,291.68297
Belgium,2004,257.23428
Belgium,2005,256.92368
Belgium,2013,284.74585
Belgium,2014,285.87273
Belize,1999,165.82621
Belize,2000,175.76917
Belize,2001,180.48996
Belize,2003,204.25848000000002
Belize,2005,195.17418
Belize,2006,194.36461
Belize,2007,192.67212
Belize,2008,190.27745
Belize,2009,191.26755
Belize,2010,191.08105
Belize,2011,196.23743000000002
Belize,2012,202.53648
Belize,2013,207.62793
Belize,2014,207.98354
Benin,2000,51.87972
Benin,2001,56.02696
Benin,2013,126.0669
Bermuda,1978,194.7262
Bermuda,2010,177.56718
Bermuda,2011,219.74923
Bhutan,1998,54.88978
Bhutan,1999,60.234480000000005
Bhutan,2000,67.13213
Bhutan,2001,72.78471
Bhutan,2005,104.26092
Bhutan,2006,113.34747999999999
Bhutan,2008,136.42833000000002
Bhutan,2009,142.5836
Bhutan,2010,156.27657
Bhutan,2011,160.16242
Bhutan,2012,169.77098
Bhutan,2013,178.37467
Bhutan,2014,188.62514000000002
Bolivia,2001,67.02817
Bolivia,2002,71.49814
Bolivia,2003,75.00589
Bolivia,2006,222.70433
Bolivia,2007,220.5757
Bolivia,2008,217.73269
Bolivia,2009,219.87059
Bolivia,2010,219.60302000000001
Bolivia,2011,218.394
Bolivia,2012,222.03764
Bolivia,2013,227.19745
Botswana,1975,30.55295
Botswana,1976,34.26122
Botswana,1977,37.14178
Botswana,1978,36.988060000000004
Botswana,1979,37.19722
Botswana,1980,42.5709
Botswana,1981,46.040729999999996
Botswana,1984,57.06232
Botswana,1985,65.48118
Botswana,1986,69.72479
Botswana,1989,84.40493000000001
Botswana,1990,93.64355
Botswana,1991,115.86281
Botswana,1992,115.80054999999999
Botswana,1993,124.82878
Botswana,1994,121.98349999999999
Botswana,1995,121.16302
Botswana,1998,174.18797
Botswana,1999,159.14175
Botswana,2000,160.86957
Botswana,2002,161.78987999999998
Botswana,2003,166.5466
Botswana,2013,188.55442
Brazil,2007,219.74224
Brazil,2009,236.57303
Brazil,2011,234.00723
Brazil,2012,235.68675
Brazil,2013,245.79174
British Virgin Islands,2011,77.42743
British Virgin Islands,2012,80.97853
British Virgin Islands,2013,82.34709
British Virgin Islands,2014,83.37432
Brunei Darussalam,1977,148.24822
Brunei Darussalam,1978,147.48655
Brunei Darussalam,1979,150.43778
Brunei Darussalam,1980,154.25990000000002
Brunei Darussalam,1981,152.61147
Brunei Darussalam,1982,157.04362
Brunei Darussalam,1983,163.26387
Brunei Darussalam,1984,155.74641
Brunei Darussalam,1991,207.72063000000003
Brunei Darussalam,1992,194.62369999999999
Brunei Darussalam,1993,196.73407
Brunei Darussalam,1994,200.4721
Brunei Darussalam,2005,267.66268
Brunei Darussalam,2006,271.11728
Brunei Darussalam,2007,265.60755
Brunei Darussalam,2008,264.26333999999997
Brunei Darussalam,2009,268.18962
Brunei Darussalam,2010,270.68898
Brunei Darussalam,2011,272.553
Brunei Darussalam,2012,278.6095
Brunei Darussalam,2013,272.72714
Brunei Darussalam,2014,261.13757
Bulgaria,1996,84.73743
Bulgaria,1997,84.58091
Bulgaria,1998,253.77983
Bulgaria,1999,255.48483000000002
Bulgaria,2000,258.67554
Bulgaria,2001,261.02126
Bulgaria,2002,262.81851
Bulgaria,2003,255.11892
Bulgaria,2004,259.23005
Bulgaria,2005,261.17194
Bulgaria,2006,259.90762
Bulgaria,2007,258.82401
Bulgaria,2008,255.8549
Bulgaria,2009,252.46531
Bulgaria,2010,252.36314
Bulgaria,2011,255.55159
Bulgaria,2012,256.00065
Bulgaria,2013,263.19489
Bulgaria,2014,264.42692
Burkina Faso,1983,7.38698
Burkina Faso,1985,2.99355
Burkina Faso,1986,10.50357
Burkina Faso,1989,15.78443
Burkina Faso,1992,19.97455
Burkina Faso,1993,20.5311
Burkina Faso,1994,20.54587
Burkina Faso,1999,25.85479
Burkina Faso,2001,23.89307
Burkina Faso,2003,28.41516
Burkina Faso,2004,31.614530000000002
Burkina Faso,2005,34.13216
Burkina Faso,2006,36.57002
Burkina Faso,2007,38.693290000000005
Burkina Faso,2008,44.236850000000004
Burkina Faso,2009,47.37693
Burkina Faso,2010,49.379979999999996
Burkina Faso,2011,55.33287
Burkina Faso,2012,59.18947
Burkina Faso,2013,64.93434
Burundi,1976,6.254910000000001
Burundi,1977,6.33528
Burundi,1980,6.564500000000001
Burundi,1982,7.6978100000000005
Burundi,1983,7.21083
Burundi,1984,7.45245
Burundi,1985,8.08126
Burundi,1986,8.73541
Burundi,1987,9.62109
Burundi,1993,14.8965
Burundi,2009,38.6275
Burundi,2010,44.69621
Burundi,2011,49.56592
Burundi,2012,53.74357
Burundi,2013,62.05213
Burundi,2014,74.84903
Cambodia,1998,49.61771999999999
Cambodia,1999,44.445499999999996
Cambodia,2000,46.6327
Cambodia,2001,50.22748
Cambodia,2002,66.39149
Cambodia,2003,79.01616
Cambodia,2004,81.89012
Cambodia,2006,96.33793
Cambodia,2007,107.25747000000001
Cambodia,2008,114.50044
Cameroon,1975,29.61961
Cameroon,1976,32.386309999999995
Cameroon,1977,35.0791
Cameroon,1978,38.27514
Cameroon,1979,40.13098
Cameroon,1980,41.58721
Cameroon,1981,44.04087
Cameroon,2012,116.3657
Cameroon,2013,120.48175
Cameroon,2014,129.37203
Canada,1994,272.23599
Cape Verde,1987,28.465539999999997
Cape Verde,1994,72.44674
Cape Verde,2002,166.03133
Cape Verde,2003,166.61450000000002
Cape Verde,2004,164.98093
Cape Verde,2005,175.22839
Cape Verde,2006,177.75333999999998
Cape Verde,2007,184.00118
Cape Verde,2009,194.16554
Cape Verde,2010,65.13894
Cape Verde,2012,204.63133
Cape Verde,2013,206.72176000000002
Cape Verde,2014,207.42472
Central African Republic,2009,31.62838
Central African Republic,2011,41.80748
Central African Republic,2012,40.8738
Chad,1998,18.308799999999998
Chad,1999,20.94594
Chad,2000,21.69928
Chad,2001,25.159470000000002
Chad,2002,28.734479999999998
Chad,2003,31.53516
Chile,2007,275.76455999999996
Chile,2008,273.02529
Chile,2009,265.44894
Chile,2010,267.36748
Chile,2011,265.19252
Chile,2012,259.30113
Chile,2013,265.77531999999997
Chile,2014,264.96306
Colombia,2005,192.32939
Colombia,2006,206.85827
Colombia,2007,217.03701999999998
Colombia,2008,221.8207
Colombia,2009,231.79208
Colombia,2010,236.40525000000002
Colombia,2011,242.94069
Colombia,2012,237.70302
Colombia,2013,239.05337
Colombia,2014,235.87894
Comoros,2013,131.85336999999998
Congo,1976,109.75079
Cook Islands,1998,180.58465999999999
Cook Islands,1999,177.12894
Cook Islands,2000,224.61028
Cook Islands,2005,228.74156
Cook Islands,2007,245.90159
Cook Islands,2010,238.7276
Cook Islands,2011,264.07177
Cook Islands,2012,250.4767
Costa Rica,1975,103.76657
Costa Rica,1976,105.09334000000001
Costa Rica,1979,114.06902
Costa Rica,1981,116.11908
Costa Rica,1982,111.39692
Costa Rica,1985,103.11022
Costa Rica,1986,105.57177
Costa Rica,1987,108.23884000000001
Costa Rica,1989,110.03723
Costa Rica,1990,112.62638
Costa Rica,1991,114.09328
Costa Rica,1992,40.40652
Costa Rica,1993,41.24178
Costa Rica,1994,43.14664
Costa Rica,1995,43.26507
Costa Rica,1996,42.84315
Costa Rica,2011,227.65773000000002
Costa Rica,2012,227.986
Costa Rica,2013,231.46396
Costa Rica,2014,234.45107
Croatia,1999,246.11789
Croatia,2000,247.09539999999998
Croatia,2001,248.19864
Croatia,2002,251.05174
Croatia,2003,255.57062000000002
Croatia,2005,265.46028
Croatia,2008,281.65688
Croatia,2009,97.24802
Croatia,2010,95.80647
Croatia,2011,285.03229
Croatia,2012,284.90326
Croatia,2014,278.08555
Cuba,1979,177.9415
Cuba,1986,203.14727
Cuba,1987,201.69609
Cuba,1988,203.92741
Cuba,1989,208.31847
Cuba,1990,208.47050000000002
Cuba,1991,208.47573
Cuba,1992,202.48160000000001
Cuba,1994,181.40131
Cuba,1999,228.97915999999998
Cuba,2000,243.43014
Cuba,2001,249.17899
Cuba,2002,250.00918000000001
Cuba,2003,257.05125999999996
Cuba,2004,256.06174
Cuba,2005,258.87064
Cuba,2006,262.23595
Cuba,2007,260.53752
Cuba,2008,258.13698
Cuba,2009,253.82967
Cuba,2010,263.77414999999996
Cuba,2011,266.45788
Cuba,2012,265.10211
Cuba,2013,268.51053
Cyprus,1975,175.69592
Cyprus,1976,189.12949
Cyprus,1977,190.57497999999998
Cyprus,1978,185.2274
Cyprus,1979,185.78187
Cyprus,1980,186.47668
Cyprus,1981,186.13959
Cyprus,1982,182.71919
Cyprus,1983,182.86338
Cyprus,1994,268.63684
Cyprus,1995,268.69028000000003
Cyprus,1996,268.89083
Cyprus,1997,267.08083
Cyprus,1999,263.52423
Cyprus,2000,264.20354
Cyprus,2001,264.97478
Cyprus,2002,275.1049
Cyprus,2003,278.50212
Cyprus,2004,279.11163
Cyprus,2005,282.36411
Cyprus,2006,282.22888
Cyprus,2007,285.35512
Cyprus,2008,287.45194
Cyprus,2009,286.63461
Cyprus,2010,266.53812
Cyprus,2011,269.09792
Cyprus,2012,275.54839
Cyprus,2013,279.55763
Cyprus,2014,284.17883
Democratic People's Republic of Korea,2009,98.53515
Democratic Republic of the Congo,1992,49.52878
Democratic Republic of the Congo,1993,52.90401
Democratic Republic of the Congo,1994,54.87748
Denmark,1981,264.18236
Denmark,1982,263.59364
Denmark,1983,261.38761
Denmark,1984,255.50494
Denmark,1985,252.03289999999998
Denmark,1986,250.15298
Denmark,1987,250.95315
Denmark,1988,254.19133
Denmark,1989,259.20282000000003
Denmark,1990,261.58081
Denmark,1991,261.61942999999997
Denmark,1992,260.49208
Denmark,1993,259.87997
Denmark,1994,261.46541
Denmark,1995,260.37426
Denmark,1996,262.07003
Denmark,1998,264.00477
Denmark,2000,265.97774
Denmark,2001,268.62742
Denmark,2002,273.36596
Denmark,2003,282.00598
Denmark,2004,273.83136
Denmark,2005,274.99041
Denmark,2006,268.42338
Denmark,2007,267.99448
Denmark,2008,268.23456999999996
Denmark,2009,269.72063
Denmark,2010,270.62917
Denmark,2011,273.8307
Denmark,2012,271.33523
Denmark,2013,271.31577
Denmark,2014,269.52598
Djibouti,1985,27.154510000000002
Djibouti,1986,28.03678
Djibouti,1987,29.88651
Djibouti,1988,28.15588
Djibouti,1997,33.44292
Djibouti,2001,42.54021
Djibouti,2002,43.932959999999994
Djibouti,2004,56.88756
Djibouti,2005,62.39228
Djibouti,2008,76.03549000000001
Dominica,1999,231.47781
Dominica,2000,251.65771999999998
Dominica,2001,245.56239
Dominica,2003,263.48407
Dominica,2004,267.51876000000004
Dominica,2005,264.79954
Dominica,2006,231.24124
Dominica,2009,230.31042
Dominica,2010,240.69441
Dominica,2011,236.93112
Dominican Republic,1999,117.14701
Dominican Republic,2000,119.7908
Dominican Republic,2002,150.21963
Dominican Republic,2004,147.45192
Dominican Republic,2005,156.84399000000002
Dominican Republic,2007,182.10698000000002
Dominican Republic,2008,177.57432
Dominican Republic,2009,187.50006
Dominican Republic,2010,186.06739
Dominican Republic,2011,185.14384
Dominican Republic,2012,187.57331
Dominican Republic,2013,192.7935
Dominican Republic,2014,196.48247
Ecuador,1998,139.08449000000002
Ecuador,1999,142.07465
Ecuador,2000,143.67134
Ecuador,2001,145.79471
Ecuador,2002,149.67849
Ecuador,2003,149.51483
Ecuador,2004,151.81724
Ecuador,2005,158.95353
Ecuador,2006,163.32659
Ecuador,2007,168.22678000000002
Ecuador,2010,209.75848000000002
Ecuador,2011,212.3761
Ecuador,2012,218.57996
Ecuador,2013,247.61290000000002
Egypt,1994,192.77598
Egypt,2011,230.02952
Egypt,2014,245.60460999999998
El Salvador,2000,144.22083
El Salvador,2001,148.48473
El Salvador,2002,159.97684
El Salvador,2005,174.10225
El Salvador,2006,171.79885000000002
El Salvador,2007,173.28893
El Salvador,2008,176.93164
El Salvador,2009,182.68596
El Salvador,2010,191.36871
El Salvador,2011,199.35859999999997
El Salvador,2012,205.8993
El Salvador,2013,208.63344
El Salvador,2014,210.52967999999998
Equatorial Guinea,1999,73.11708
Equatorial Guinea,2001,22.18517
Equatorial Guinea,2005,64.11127
Eritrea,1994,31.769019999999998
Eritrea,1995,34.15266
Eritrea,1997,39.92057
Eritrea,1999,49.45404
Eritrea,2000,55.21888
Eritrea,2001,54.55248
Eritrea,2002,56.086569999999995
Eritrea,2003,57.82348
Eritrea,2004,62.762609999999995
Eritrea,2005,67.78679
Eritrea,2006,72.36052
Eritrea,2007,74.69391999999999
Eritrea,2008,78.92182
Eritrea,2009,84.92517000000001
Eritrea,2010,91.67497
Eritrea,2011,92.78998
Eritrea,2012,94.87477
Eritrea,2013,85.75727
Estonia,1998,251.37137
Estonia,1999,251.98817000000003
Estonia,2000,255.39801
Estonia,2001,257.50542
Estonia,2002,265.39222
Estonia,2003,268.64511
Estonia,2004,274.58607
Estonia,2005,93.41282
Estonia,2006,281.49571000000003
Estonia,2007,278.81071
Estonia,2008,275.78674
Estonia,2009,273.78982
Estonia,2010,272.85823
Estonia,2011,274.00602000000003
Estonia,2012,273.15643
Estonia,2013,277.39147
Ethiopia,1999,32.71432
Ethiopia,2000,37.10678
Ethiopia,2001,39.26865
Ethiopia,2002,43.85396
Fiji,1999,226.99777
Fiji,2000,216.99487
Fiji,2001,224.49417
Fiji,2002,227.71665000000002
Fiji,2003,229.60629999999998
Fiji,2004,249.9989
Fiji,2006,256.71261
Fiji,2007,244.48901
Fiji,2009,242.18519
Fiji,2011,254.38868
Fiji,2012,250.42368
Finland,1979,254.84415
Finland,1991,279.16042
Finland,1993,284.64606
Finland,1994,284.37764
Finland,1995,277.06038
Finland,1996,277.82488
Finland,1997,279.91378
Finland,1998,292.0213
Finland,1999,283.89517
Finland,2000,283.87786
Finland,2001,283.00365
Finland,2002,283.64616
Finland,2003,285.32394
Finland,2004,285.77822
Finland,2005,287.85463
Finland,2006,289.08206
Finland,2007,288.00629000000004
Finland,2008,285.2964
Finland,2009,282.6181
Finland,2010,280.92309
Finland,2011,278.89427
Finland,2012,276.65683
Finland,2013,281.34188
Finland,2014,282.01281
France,1976,76.17676
France,1977,231.66267
France,1979,232.76119
France,1980,234.3733
France,1981,78.5506
France,1982,236.55451
France,1983,239.23446
France,1985,246.13088
France,1986,247.00375
France,1987,247.27657
France,1988,247.22158000000002
France,1989,248.16757
France,1990,250.21012
France,1992,267.35353
France,1993,270.36413
France,1994,287.62687
France,1995,289.33181
France,1996,286.85741
France,1997,284.78424
France,1999,280.04001
France,2000,277.91379
France,2001,277.43573
France,2002,279.62375
France,2003,281.17833
France,2004,281.58015
France,2005,97.39712
France,2006,97.12352
France,2007,97.0726
France,2008,97.11542
France,2009,96.99224
France,2010,96.82211
France,2011,96.88328
France,2012,98.38231
France,2013,99.26681
France,2014,99.44433
Gambia,1978,24.6286
Gambia,1979,24.88244
Gambia,1983,39.4727
Gambia,1984,43.34873
Gambia,1985,44.10541
Gambia,1986,42.74896
Georgia,1996,229.2558
Georgia,1997,230.57281999999998
Georgia,1999,229.02118000000002
Georgia,2000,231.43615
Georgia,2005,228.47847
Georgia,2006,232.05574000000001
Georgia,2007,81.61676
Georgia,2008,250.10708
Georgia,2009,81.19886
Georgia,2013,266.93015
Georgia,2014,276.15221
Ghana,1999,103.2976
Ghana,2000,103.93718000000001
Ghana,2001,98.95707
Ghana,2002,104.05694
Ghana,2003,107.14205000000001
Ghana,2004,115.82211000000001
Ghana,2005,119.79281
Ghana,2006,123.34832
Ghana,2007,141.34253999999999
Ghana,2008,141.04709
Ghana,2009,136.99586
Ghana,2013,154.23552
Ghana,2014,163.78762
Ghana,2015,173.63497
Greece,1975,183.06182
Greece,1976,190.69539
Greece,1977,195.22958
Greece,1978,199.78719
Greece,1979,201.89537
Greece,1980,218.48686
Greece,1982,227.59611
Greece,1984,231.82841
Greece,1985,237.61052
Greece,1986,242.82459
Greece,1987,251.44994000000003
Greece,1988,252.13155
Greece,1989,254.82554
Greece,1990,83.95327
Greece,1991,251.36968000000002
Greece,1992,251.03841
Greece,1994,245.19734
Greece,1995,82.91809
Greece,1996,250.64623
Greece,1997,250.51842
Greece,1998,249.61616
Greece,1999,247.40516000000002
Greece,2000,245.56062
Greece,2001,249.40694000000002
Greece,2002,255.29275
Greece,2003,252.16221000000002
Greece,2004,256.34712
Greece,2005,266.77114
Greece,2006,266.05327
Greece,2007,259.79176
Greece,2010,282.00828
Greece,2013,286.59915
Grenada,2002,250.97021
Grenada,2003,226.99946
Grenada,2004,241.10552
Grenada,2005,230.61432000000002
Grenada,2013,240.74603
Grenada,2014,247.12667
Guatemala,1975,29.86823
Guatemala,1979,14.0049
Guatemala,1980,12.55408
Guatemala,1982,13.88755
Guatemala,1999,66.91576
Guatemala,2000,76.84327
Guatemala,2001,87.34248
Guatemala,2002,89.24700999999999
Guatemala,2008,116.65951
Guatemala,2009,122.72352000000001
Guatemala,2010,135.51217
Guatemala,2011,136.27655
Guatemala,2012,137.94941
Guatemala,2013,138.73035
Guatemala,2014,140.12229000000002
Guinea,1986,27.07647
Guinea,1989,22.10735
Guinea,1990,20.823439999999998
Guinea,1999,34.279250000000005
Guinea,2001,46.914010000000005
Guinea,2002,52.997479999999996
Guinea,2003,56.83213
Guinea,2004,60.77044
Guinea,2005,69.89628
Guinea,2006,77.48789000000001
Guinea,2011,90.04277
Guinea,2014,95.23249
Guinea-Bissau,1981,7.46995
Guinea-Bissau,1982,9.58483
Guinea-Bissau,1984,9.72893
Guinea-Bissau,2000,24.41682
Guyana,1999,218.8667
Guyana,2009,231.08062999999999
Guyana,2011,247.44069000000002
Holy See,1975,0.0
Holy See,1976,0.0
Holy See,1977,0.0
Holy See,1978,0.0
Holy See,1979,0.0
Holy See,1980,0.0
Holy See,1981,0.0
Holy See,1982,0.0
Holy See,1983,0.0
Holy See,1984,0.0
Holy See,1985,0.0
Holy See,1986,0.0
Holy See,1987,0.0
Holy See,1988,0.0
Holy See,1989,0.0
Holy See,1990,0.0
Holy See,1991,0.0
Holy See,1992,0.0
Holy See,1993,0.0
Holy See,1994,0.0
Holy See,1995,0.0
Holy See,1996,0.0
Holy See,1997,0.0
Holy See,1998,0.0
Holy See,1999,0.0
Holy See,2000,0.0
Holy See,2001,0.0
Holy See,2002,0.0
Holy See,2003,0.0
Holy See,2004,0.0
Holy See,2005,0.0
Holy See,2006,0.0
Holy See,2007,0.0
Holy See,2008,0.0
Holy See,2009,0.0
Holy See,2010,0.0
Holy See,2011,0.0
Holy See,2012,0.0
Holy See,2013,0.0
Holy See,2014,0.0
Holy See,2015,0.0
Honduras,1983,73.36388
Honduras,1991,20.50554
Honduras,2013,145.38156
Honduras,2014,147.88931
Hong Kong Special Administrative Region of China,1975,130.09491
Hong Kong Special Administrative Region of China,1976,137.55072
Hong Kong Special Administrative Region of China,1977,142.92085
Hong Kong Special Administrative Region of China,1978,149.48338999999999
Hong Kong Special Administrative Region of China,1979,158.81087
Hong Kong Special Administrative Region of China,1980,167.16397
Hong Kong Special Administrative Region of China,1981,174.84045
Hong Kong Special Administrative Region of China,1983,190.16021
Hong Kong Special Administrative Region of China,1984,195.70088
Hong Kong Special Administrative Region of China,1985,203.64562
Hong Kong Special Administrative Region of China,1996,224.85858
Hong Kong Special Administrative Region of China,2001,209.94825
Hong Kong Special Administrative Region of China,2002,210.19711
Hong Kong Special Administrative Region of China,2003,212.69176
Hong Kong Special Administrative Region of China,2004,216.46062
Hong Kong Special Administrative Region of China,2005,220.07883999999999
Hong Kong Special Administrative Region of China,2006,221.7391
Hong Kong Special Administrative Region of China,2007,226.07796000000002
Hong Kong Special Administrative Region of China,2008,230.60988
Hong Kong Special Administrative Region of China,2009,234.90895999999998
Hong Kong Special Administrative Region of China,2010,239.53977
Hong Kong Special Administrative Region of China,2011,236.99902
Hong Kong Special Administrative Region of China,2012,270.28535999999997
Hong Kong Special Administrative Region of China,2013,265.16665
Hong Kong Special Administrative Region of China,2014,264.5745
Hungary,1997,244.79416
Hungary,1998,244.90413999999998
Hungary,1999,250.64999
Hungary,2000,255.2812
Hungary,2001,262.39557
Hungary,2002,267.10672
Hungary,2003,271.72168999999997
Hungary,2004,269.08373
Hungary,2005,269.78996
Hungary,2006,269.7398
Hungary,2007,269.73908
Hungary,2008,270.5182
Hungary,2009,272.08202
Hungary,2010,275.12275999999997
Hungary,2011,276.04501
Hungary,2012,277.16526
Hungary,2013,277.96014
Hungary,2014,276.58262
Iceland,1977,72.2815
Iceland,1998,258.46203
Iceland,1999,252.86967
Iceland,2000,248.47973000000002
Iceland,2001,247.51936
Iceland,2002,254.98622
Iceland,2003,259.85808
Iceland,2004,264.43249000000003
Iceland,2005,266.59635
Iceland,2006,268.06169
Iceland,2007,268.1251
Iceland,2008,268.08047999999997
Iceland,2009,264.66912
Iceland,2010,268.55319
Iceland,2011,265.17757
Iceland,2012,264.26495
India,2013,185.30836
Indonesia,1975,55.217909999999996
Indonesia,1976,57.81445
Indonesia,1977,58.81251
Indonesia,1978,62.49086
Indonesia,1987,42.06826
Indonesia,1995,125.41803999999999
Indonesia,2001,148.80806
Indonesia,2002,152.45848
Indonesia,2003,160.43623
Indonesia,2004,164.69188
Indonesia,2005,160.12368
Indonesia,2006,172.59954
Indonesia,2007,194.57959
Indonesia,2008,192.27301
Indonesia,2009,194.5575
Indonesia,2010,200.24070999999998
Indonesia,2011,219.02987000000002
Indonesia,2012,222.4557
Indonesia,2013,225.62889
Indonesia,2014,225.03906
"Iran, Islamic Republic of",2009,235.30581
"Iran, Islamic Republic of",2010,232.87973
"Iran, Islamic Republic of",2011,241.86905
"Iran, Islamic Republic of",2012,248.86241
"Iran, Islamic Republic of",2013,240.67840999999999
"Iran, Islamic Republic of",2014,242.22674999999998
Iraq,1975,76.8503
Iraq,1976,78.29991
Iraq,1977,85.35130000000001
Iraq,1978,102.37911
Iraq,1979,118.23957999999999
Iraq,1980,128.72566999999998
Iraq,1981,130.42284999999998
Iraq,1982,134.56852
Iraq,1985,121.15709
Iraq,1987,121.34846
Iraq,1988,117.356
Iraq,1989,115.22717
Iraq,1993,105.22872000000001
Iraq,1999,90.85858999999999
Iraq,2000,96.4203
Iraq,2003,106.85897
Iraq,2004,120.54371
Iraq,2007,134.06945000000002
Ireland,1975,221.85422
Ireland,1976,224.78184
Ireland,1977,226.48066
Ireland,1978,228.10254
Ireland,1980,78.25042
Ireland,1982,248.10345
Ireland,1991,228.17210999999998
Ireland,1992,232.93851999999998
Ireland,1995,244.08748
Ireland,1996,243.65357
Ireland,1997,241.46878999999998
Ireland,1998,261.06887
Ireland,1999,257.35357
Ireland,2000,256.56101
Ireland,2001,255.31781
Ireland,2002,260.91628000000003
Ireland,2003,267.12211
Ireland,2004,275.17193
Ireland,2005,93.38732
Ireland,2006,94.71627
Ireland,2007,96.32483
Ireland,2008,97.60719
Ireland,2009,98.97931
Ireland,2010,99.37821
Ireland,2012,99.57336
Israel,1999,288.20407
Israel,2000,97.92391
Israel,2001,98.94632
Israel,2002,99.61436
Israel,2003,99.65842
Israel,2004,99.90999
Israel,2005,99.77455
Israel,2006,99.74289
Israel,2007,99.3861
Israel,2008,98.69106
Israel,2009,98.39357
Israel,2010,98.05049
Israel,2011,98.07147
Israel,2012,97.39531
Israel,2013,97.80741
Israel,2014,98.39216
Italy,1999,254.40173
Italy,2000,258.63018999999997
Italy,2001,262.84451
Italy,2002,269.30722000000003
Italy,2003,271.07692000000003
Italy,2004,274.48219
Italy,2005,274.36376
Italy,2006,277.2362
Italy,2007,276.61108
Italy,2008,283.56208000000004
Italy,2009,283.16618
Italy,2010,287.11594
Italy,2011,281.17816
Italy,2012,280.94168
Italy,2013,285.97706
Jamaica,1975,164.35499
Jamaica,1976,171.39339999999999
Jamaica,1977,175.44484
Jamaica,1981,191.69331
Jamaica,1983,183.02445
Jamaica,1984,177.22683
Jamaica,1985,179.83428
Jamaica,1986,173.03516
Jamaica,1999,246.84048
Jamaica,2000,231.86451
Jamaica,2001,228.96774
Jamaica,2002,230.03714
Jamaica,2003,230.22671000000003
Jamaica,2004,245.23836
Jamaica,2005,244.50418000000002
Jamaica,2011,233.29273999999998
Jamaica,2013,202.68665
Jamaica,2014,200.70799
Japan,1978,279.75089
Japan,1989,95.36159
Japan,1994,98.94419
Japan,1995,99.83584
Japan,1999,99.14993
Japan,2001,100.0
Japan,2002,100.0
Japan,2003,99.74864
Japan,2004,99.07287
Japan,2005,98.9149
Japan,2006,294.83892
Japan,2007,293.20468
Japan,2008,294.06107
Japan,2009,294.95177
Japan,2010,296.91952
Japan,2011,297.26546
Japan,2012,297.43845999999996
Japan,2013,297.62472
Jordan,1999,232.79231
Jordan,2000,238.16323
Jordan,2002,250.78154
Jordan,2003,253.52920999999998
Jordan,2004,252.55749
Jordan,2005,246.12308000000002
Jordan,2006,257.80196
Jordan,2008,261.48621
Jordan,2011,256.56717
Kazakhstan,2000,265.19184
Kazakhstan,2006,94.17762
Kazakhstan,2010,91.85513
Kazakhstan,2011,92.15327
Kazakhstan,2012,92.78353
Kazakhstan,2013,278.03019
Kazakhstan,2014,95.94628
Kazakhstan,2015,98.09894
Kenya,2000,99.96227999999999
Kenya,2001,102.44778
Kenya,2002,103.99597
Kenya,2003,108.92811
Kenya,2004,117.52513
Kenya,2005,123.09385
Kenya,2006,126.83855
Kenya,2007,133.30651
Kenya,2008,149.13409000000001
Kenya,2009,150.71076
Kenya,2012,169.52455
Kiribati,1986,70.00301
Kiribati,2003,206.22108
Kiribati,2004,207.51842
Kiribati,2005,207.66282
Kuwait,1978,66.19009
Kuwait,1979,67.92535
Kuwait,1980,71.1687
Kuwait,1992,137.59724
Kuwait,1994,203.01242000000002
Kuwait,1996,290.21823
Kuwait,1997,285.68574
Kuwait,1999,265.79983
Kuwait,2000,266.71709
Kuwait,2001,266.00756
Kuwait,2006,265.82045
Kuwait,2007,260.33041000000003
Kuwait,2008,252.61248
Kuwait,2009,242.53413
Kuwait,2010,250.47735
Kuwait,2011,249.06198999999998
Kuwait,2012,249.13207
Kyrgyzstan,2004,246.13867
Kyrgyzstan,2005,241.04631
Kyrgyzstan,2006,240.66926
Kyrgyzstan,2007,239.60685
Kyrgyzstan,2008,239.34943
Kyrgyzstan,2009,235.02866
Kyrgyzstan,2010,233.7528
Kyrgyzstan,2011,238.22739
Kyrgyzstan,2013,241.74984
Kyrgyzstan,2014,240.53313
Lao People's Democratic Republic,1992,41.78267
Lao People's Democratic Republic,1993,43.2629
Lao People's Democratic Republic,1994,51.30829
Lao People's Democratic Republic,1997,62.234390000000005
Lao People's Democratic Republic,1998,68.89789999999999
Lao People's Democratic Republic,1999,76.94266
Lao People's Democratic Republic,2000,82.34019
Lao People's Democratic Republic,2001,87.05084
Lao People's Democratic Republic,2002,90.03495000000001
Lao People's Democratic Republic,2003,99.99663
Lao People's Democratic Republic,2004,104.80015
Lao People's Democratic Republic,2005,105.41284999999999
Lao People's Democratic Republic,2006,102.90029
Lao People's Democratic Republic,2007,105.63728
Lao People's Democratic Republic,2008,108.11907
Lao People's Democratic Republic,2009,112.43601000000001
Lao People's Democratic Republic,2010,117.7167
Lao People's Democratic Republic,2011,119.58653000000001
Lao People's Democratic Republic,2012,127.51211
Lao People's Democratic Republic,2013,137.28181999999998
Lao People's Democratic Republic,2014,152.45705
Latvia,1994,79.00995
Latvia,2008,274.92969
Latvia,2009,265.46394
Latvia,2010,259.40702999999996
Latvia,2011,256.30745
Latvia,2012,253.61726
Latvia,2013,269.63147
Latvia,2014,282.89721
Lebanon,2006,208.49214
Lebanon,2007,207.22167
Lebanon,2008,208.99864
Lebanon,2009,212.35365000000002
Lebanon,2010,207.15005000000002
Lebanon,2011,208.87608
Lebanon,2012,194.50313999999997
Lesotho,1977,29.36436
Lesotho,1978,29.02323
Lesotho,1979,34.76655
Lesotho,1980,36.36518
Lesotho,1981,37.71455
Lesotho,1982,39.46854
Lesotho,1983,35.15979
Lesotho,1984,35.7352
Lesotho,1985,36.92649
Lesotho,1986,38.25314
Lesotho,1991,45.39853
Lesotho,1992,51.23509
Lesotho,1993,54.091359999999995
Lesotho,1994,50.98593
Lesotho,1996,56.82471
Lesotho,1998,43.03019
Lesotho,1999,55.38091
Lesotho,2000,60.96616
Lesotho,2001,67.06316000000001
Lesotho,2002,68.80151
Lesotho,2003,70.29063
Lesotho,2004,72.20324
Lesotho,2005,76.39304
Lesotho,2006,76.0505
Lesotho,2007,79.15898
Lesotho,2008,83.89247
Lesotho,2009,89.61633
Lesotho,2010,97.27341999999999
Lesotho,2011,99.07043999999999
Lesotho,2012,100.25331
Lesotho,2014,104.21403000000001
Libyan Arab Jamahiriya,1975,33.48371
Libyan Arab Jamahiriya,1976,41.89485
Libyan Arab Jamahiriya,1977,138.63597
Libyan Arab Jamahiriya,1978,157.4934
Libyan Arab Jamahiriya,1979,167.57453999999998
Libyan Arab Jamahiriya,1980,174.44196
Libyan Arab Jamahiriya,1981,167.23185
Libyan Arab Jamahiriya,1983,176.51292999999998
Liechtenstein,2003,94.00596
Liechtenstein,2004,275.78156
Liechtenstein,2008,271.89269
Liechtenstein,2009,91.82644
Liechtenstein,2010,273.38766
Liechtenstein,2011,92.36228
Liechtenstein,2012,276.46605
Liechtenstein,2014,91.53872
Lithuania,1995,248.95915
Lithuania,1996,85.17269
Lithuania,1998,266.47615
Lithuania,1999,270.66336
Lithuania,2000,276.17652
Lithuania,2001,281.50503000000003
Lithuania,2002,96.66513
Lithuania,2003,98.56684
Lithuania,2004,99.131
Lithuania,2005,98.29653
Lithuania,2006,287.19498
Lithuania,2007,283.6496
Lithuania,2008,280.73645
Lithuania,2009,279.78528
Lithuania,2010,279.5919
Lithuania,2011,278.49335
Lithuania,2012,278.24874
Lithuania,2013,282.77595
Lithuania,2014,289.1073
Luxembourg,1975,166.29043000000001
Luxembourg,1976,168.95883
Luxembourg,1977,172.07365
Luxembourg,1978,58.5089
Luxembourg,1982,203.01877000000002
Luxembourg,1983,204.34927
Luxembourg,1984,205.11840999999998
Luxembourg,1986,202.48153000000002
Luxembourg,1987,201.01225
Luxembourg,1988,182.99389
Luxembourg,1995,65.99029
Luxembourg,1996,208.33778
Luxembourg,1997,208.18220000000002
Luxembourg,1999,252.00115
Luxembourg,2000,251.92915
Luxembourg,2001,242.14866999999998
Luxembourg,2002,240.07994
Luxembourg,2003,240.4028
Luxembourg,2004,239.24316
Luxembourg,2005,249.01395000000002
Luxembourg,2006,250.57459
Luxembourg,2007,252.50506000000001
Luxembourg,2008,255.12567
Luxembourg,2010,260.53789
Luxembourg,2011,259.49309
Luxembourg,2012,257.51129
Luxembourg,2013,256.40454
MDG_Caribbean,1975,97.8977889552054
MDG_Caribbean,1976,112.0391214277627
MDG_Caribbean,1977,124.13164405401349
MDG_Caribbean,1978,128.3960406980568
MDG_Caribbean,1979,135.5578828401595
MDG_Caribbean,1980,147.8143709567857
MDG_Caribbean,1981,147.643400707667
MDG_Caribbean,1982,147.6915375609162
MDG_Caribbean,1983,147.6357178034881
MDG_Caribbean,1984,151.1525731917334
MDG_Caribbean,1985,149.97481057082712
MDG_Caribbean,1986,148.3877977964836
MDG_Caribbean,1987,147.7255725386618
MDG_Caribbean,1988,148.3812079973848
MDG_Caribbean,1989,147.9756749038478
MDG_Caribbean,1990,146.7505126741594
MDG_Caribbean,1991,145.0849407600836
MDG_Caribbean,1992,140.8990258917058
MDG_Caribbean,1993,136.5072992939089
MDG_Caribbean,1994,132.55817237921582
MDG_Caribbean,1995,133.4434538203194
MDG_Caribbean,1996,139.814095931717
MDG_Caribbean,1997,144.2743059827416
MDG_Caribbean,1998,142.7898267357462
MDG_Caribbean,1999,146.0889498784603
MDG_Caribbean,2000,149.4834515028618
MDG_Caribbean,2001,155.0839333634935
MDG_Caribbean,2002,161.2349827983818
MDG_Caribbean,2003,164.2296927380305
MDG_Caribbean,2004,166.2433447362323
MDG_Caribbean,2005,170.6164356813864
MDG_Caribbean,2006,173.84950241871
MDG_Caribbean,2007,176.1540169957496
MDG_Caribbean,2008,173.5827840470404
MDG_Caribbean,2009,174.3217246260314
MDG_Caribbean,2010,173.9660963674728
MDG_Caribbean,2011,172.1980848913406
MDG_Caribbean,2012,170.9227483693095
MDG_Caribbean,2013,172.2249138001057
MDG_Caribbean,2014,175.9525321886733
MDG_Caucasus and Central Asia,1999,234.4868307810874
MDG_Caucasus and Central Asia,2000,240.5366625575019
MDG_Caucasus and Central Asia,2001,245.54845142257489
MDG_Caucasus and Central Asia,2002,251.1217135365741
MDG_Caucasus and Central Asia,2003,85.9238710970712
MDG_Caucasus and Central Asia,2004,260.0684185562976
MDG_Caucasus and Central Asia,2005,252.4442371318621
MDG_Caucasus and Central Asia,2006,254.74254098714368
MDG_Caucasus and Central Asia,2007,257.5132400354596
MDG_Caucasus and Central Asia,2008,256.3606410187027
MDG_Caucasus and Central Asia,2009,258.3846477179715
MDG_Caucasus and Central Asia,2010,259.1195575482148
MDG_Caucasus and Central Asia,2011,259.9305066256673
MDG_Caucasus and Central Asia,2012,261.12141103923136
MDG_Caucasus and Central Asia,2013,261.6212315914636
MDG_Caucasus and Central Asia,2014,263.3992432730741
MDG_Developed regions,1986,256.3948795549844
MDG_Developed regions,1987,257.5524300144975
MDG_Developed regions,1988,257.0758129006388
MDG_Developed regions,1989,256.2357990088385
MDG_Developed regions,1990,255.18841683018252
MDG_Developed regions,1991,255.1474892141387
MDG_Developed regions,1992,256.1491077164701
MDG_Developed regions,1993,259.78711016158513
MDG_Developed regions,1994,263.041085955953
MDG_Developed regions,1995,263.6478088141742
MDG_Developed regions,1996,263.9215465369109
MDG_Developed regions,1997,264.0692485821033
MDG_Developed regions,1998,263.085454039766
MDG_Developed regions,1999,263.3754098539007
MDG_Developed regions,2000,263.5722603865029
MDG_Developed regions,2001,264.833865426786
MDG_Developed regions,2002,264.337103255741
MDG_Developed regions,2003,267.30430175554
MDG_Developed regions,2004,266.1540858815898
MDG_Developed regions,2005,266.1218100699154
MDG_Developed regions,2006,265.8275264921299
MDG_Developed regions,2007,265.8876458552806
MDG_Developed regions,2008,267.4802268802362
MDG_Developed regions,2009,268.04792265329843
MDG_Developed regions,2010,268.5910519490096
MDG_Developed regions,2011,269.1060136459655
MDG_Developed regions,2012,270.46684652353133
MDG_Developed regions,2013,273.1854977015404
MDG_Developed regions,2014,275.8196841037015
MDG_Developing regions,1998,144.832519866885
MDG_Developing regions,1999,145.75538237850378
MDG_Developing regions,2000,149.5313012869779
MDG_Developing regions,2001,152.28021601592252
MDG_Developing regions,2002,154.6661119690561
MDG_Developing regions,2003,157.8486007168055
MDG_Developing regions,2004,161.1969446182188
MDG_Developing regions,2005,163.9173226282138
MDG_Developing regions,2006,164.9476387803614
MDG_Developing regions,2007,167.3850853563201
MDG_Developing regions,2008,168.976875303348
MDG_Developing regions,2009,169.3025788004004
MDG_Developing regions,2010,173.10643031250652
MDG_Developing regions,2011,176.87897712289998
MDG_Developing regions,2012,179.1758725122952
MDG_Developing regions,2013,182.1312016570734
MDG_Developing regions,2014,184.2148973214465
MDG_Eastern Asia,1998,206.743296949036
MDG_Eastern Asia,1999,210.9722268854133
MDG_Eastern Asia,2000,213.91586253283072
MDG_Eastern Asia,2001,217.1649212642679
MDG_Eastern Asia,2002,214.348180308314
MDG_Eastern Asia,2003,216.9582891767276
MDG_Eastern Asia,2004,220.519611689695
MDG_Eastern Asia,2005,224.3327646904849
MDG_Eastern Asia,2006,220.7440094322624
MDG_Eastern Asia,2007,220.29755996465917
MDG_Eastern Asia,2008,215.6124209190233
MDG_Eastern Asia,2009,216.44195009857788
MDG_Eastern Asia,2010,220.75614749623782
MDG_Eastern Asia,2011,224.8342534138887
MDG_Eastern Asia,2012,227.041736513719
MDG_Eastern Asia,2013,234.446352794118
MDG_Eastern Asia,2014,247.4829017469161
MDG_Landlocked developing countries,1998,98.2619881330469
MDG_Landlocked developing countries,1999,98.72474324228119
MDG_Landlocked developing countries,2000,102.2568231396784
MDG_Landlocked developing countries,2001,104.47065131619871
MDG_Landlocked developing countries,2002,108.1179420963903
MDG_Landlocked developing countries,2003,110.1908554412644
MDG_Landlocked developing countries,2004,113.0709977125598
MDG_Landlocked developing countries,2005,114.4970889949731
MDG_Landlocked developing countries,2006,117.8506433608278
MDG_Landlocked developing countries,2007,119.9628805548835
MDG_Landlocked developing countries,2008,123.6360303288274
MDG_Landlocked developing countries,2009,124.5639849067305
MDG_Landlocked developing countries,2010,126.84130184128179
MDG_Landlocked developing countries,2011,128.026468939022
MDG_Landlocked developing countries,2012,128.8774338724514
MDG_Landlocked developing countries,2013,128.3504299771947
MDG_Landlocked developing countries,2014,128.5961012793419
MDG_Latin America,1986,59.3369670180797
MDG_Latin America,1987,59.6084543324466
MDG_Latin America,1988,59.6291139018553
MDG_Latin America,1989,59.3221097837642
MDG_Latin America,1990,59.58562698866
MDG_Latin America,1991,60.1114892230676
MDG_Latin America,1992,60.6370789356532
MDG_Latin America,1993,60.5656247071047
MDG_Latin America,1994,61.1808799677741
MDG_Latin America,1995,62.0740926717595
MDG_Latin America,1996,63.2058556688564
MDG_Latin America,1997,63.5929904636852
MDG_Latin America,1998,195.5524985987631
MDG_Latin America,1999,196.5836568592835
MDG_Latin America,2000,199.85690805853199
MDG_Latin America,2001,202.3434975291472
MDG_Latin America,2002,205.2876707844011
MDG_Latin America,2003,200.7102601591901
MDG_Latin America,2004,204.3406223055205
MDG_Latin America,2005,207.3110271189002
MDG_Latin America,2006,208.79908613587162
MDG_Latin America,2007,209.7939588352676
MDG_Latin America,2008,217.2980114746004
MDG_Latin America,2009,220.1466282756095
MDG_Latin America,2010,221.300113094518
MDG_Latin America,2011,221.9611784415389
MDG_Latin America,2012,223.0095408439235
MDG_Latin America,2013,229.652436563751
MDG_Latin America,2014,231.2991974317683
MDG_Latin America and the Caribbean,1986,58.6009594623833
MDG_Latin America and the Caribbean,1987,58.8527016487313
MDG_Latin America and the Caribbean,1988,58.9051372189591
MDG_Latin America and the Caribbean,1989,58.628412413988
MDG_Latin America and the Caribbean,1990,58.8665204787042
MDG_Latin America and the Caribbean,1991,59.3424290814267
MDG_Latin America and the Caribbean,1992,59.765203385217
MDG_Latin America and the Caribbean,1993,59.6225668254026
MDG_Latin America and the Caribbean,1994,60.1282962947103
MDG_Latin America and the Caribbean,1995,60.9801458302692
MDG_Latin America and the Caribbean,1996,62.1646820798285
MDG_Latin America and the Caribbean,1997,62.6112089670228
MDG_Latin America and the Caribbean,1998,192.159865849214
MDG_Latin America and the Caribbean,1999,193.232016757888
MDG_Latin America and the Caribbean,2000,196.5374865167799
MDG_Latin America and the Caribbean,2001,199.1586189192637
MDG_Latin America and the Caribbean,2002,202.30760594899618
MDG_Latin America and the Caribbean,2003,198.2298614090342
MDG_Latin America and the Caribbean,2004,201.7674387213722
MDG_Latin America and the Caribbean,2005,204.8381859888311
MDG_Latin America and the Caribbean,2006,206.46144683026972
MDG_Latin America and the Caribbean,2007,207.55734228577552
MDG_Latin America and the Caribbean,2008,214.4048403577003
MDG_Latin America and the Caribbean,2009,217.1326647336918
MDG_Latin America and the Caribbean,2010,218.1825104518408
MDG_Latin America and the Caribbean,2011,218.72495421795037
MDG_Latin America and the Caribbean,2012,219.6225030391011
MDG_Latin America and the Caribbean,2013,225.902366614635
MDG_Latin America and the Caribbean,2014,227.6630860005729
MDG_Least developed countries,1976,11.9418687677448
MDG_Least developed countries,1977,35.37056582602218
MDG_Least developed countries,1978,36.85049263530264
MDG_Least developed countries,1979,38.85528931345383
MDG_Least developed countries,1980,41.70685215814202
MDG_Least developed countries,1981,41.086585657178745
MDG_Least developed countries,1982,43.39598007114
MDG_Least developed countries,1983,45.561011302201095
MDG_Least developed countries,1984,46.5432553682809
MDG_Least developed countries,1985,46.267372533667995
MDG_Least developed countries,1986,46.0902899577787
MDG_Least developed countries,1987,46.6284586851283
MDG_Least developed countries,1988,47.008475896616304
MDG_Least developed countries,1989,47.0757204785456
MDG_Least developed countries,1990,46.0242681468206
MDG_Least developed countries,1991,48.7269922271243
MDG_Least developed countries,1992,50.9124734922535
MDG_Least developed countries,1993,52.900119512447
MDG_Least developed countries,1994,55.5502225575018
MDG_Least developed countries,1995,58.948677991509996
MDG_Least developed countries,1996,61.213300903234
MDG_Least developed countries,1997,63.1194778082111
MDG_Least developed countries,1998,66.0784037674499
MDG_Least developed countries,1999,68.5444992464607
MDG_Least developed countries,2000,71.5675085652457
MDG_Least developed countries,2001,73.9351451978838
MDG_Least developed countries,2002,76.8447701361714
MDG_Least developed countries,2003,78.2570996206654
MDG_Least developed countries,2004,79.1511642829919
MDG_Least developed countries,2005,80.6955495026699
MDG_Least developed countries,2006,84.10068502284031
MDG_Least developed countries,2007,86.9827495245553
MDG_Least developed countries,2008,89.6591585308513
MDG_Least developed countries,2009,93.789847154653
MDG_Least developed countries,2010,97.2797918724789
MDG_Least developed countries,2011,99.1272497448337
MDG_Least developed countries,2012,102.10241034502641
MDG_Least developed countries,2013,104.65409836811921
MDG_Least developed countries,2014,105.5409654866422
MDG_Northern Africa,1975,63.7177099324271
MDG_Northern Africa,1976,69.8488626780415
MDG_Northern Africa,1977,76.3662761997407
MDG_Northern Africa,1978,82.7962178198463
MDG_Northern Africa,1979,87.60186278330809
MDG_Northern Africa,1980,91.5536310362907
MDG_Northern Africa,1981,95.0882500362375
MDG_Northern Africa,1982,101.5975685103126
MDG_Northern Africa,1983,108.20215047302591
MDG_Northern Africa,1984,114.39362229238489
MDG_Northern Africa,1985,120.5541844415928
MDG_Northern Africa,1986,128.97195841994352
MDG_Northern Africa,1987,135.1710209736646
MDG_Northern Africa,1988,138.1175826700534
MDG_Northern Africa,1989,142.2566041990672
MDG_Northern Africa,1990,155.4679377604179
MDG_Northern Africa,1991,157.1740905598802
MDG_Northern Africa,1992,151.679863942169
MDG_Northern Africa,1993,153.51136051067868
MDG_Northern Africa,1994,161.93754277859279
MDG_Northern Africa,1995,160.5624402340396
MDG_Northern Africa,1996,159.4653112885125
MDG_Northern Africa,1997,165.4071274982261
MDG_Northern Africa,1998,171.8719762035498
MDG_Northern Africa,1999,179.1688715474104
MDG_Northern Africa,2000,183.1359165187086
MDG_Northern Africa,2001,189.2829873020373
MDG_Northern Africa,2002,192.9784774437166
MDG_Northern Africa,2003,195.65670696109152
MDG_Northern Africa,2004,199.9036712556213
MDG_Northern Africa,2005,199.06023821704588
MDG_Northern Africa,2006,199.10765578068492
MDG_Northern Africa,2007,192.7074515694023
MDG_Northern Africa,2008,195.7975399510651
MDG_Northern Africa,2009,204.347619448148
MDG_Northern Africa,2010,211.776654204864
MDG_Northern Africa,2011,226.7792819024996
MDG_Northern Africa,2012,231.2947478335348
MDG_Northern Africa,2013,234.5014593260509
MDG_Northern Africa,2014,235.1867635090454
MDG_Small island developing States,1975,94.9432555179829
MDG_Small island developing States,1976,105.85448590421001
MDG_Small island developing States,1977,115.3915950298247
MDG_Small island developing States,1978,118.5228967000825
MDG_Small island developing States,1979,124.0443673245588
MDG_Small island developing States,1980,132.8537010921256
MDG_Small island developing States,1981,132.0236752572408
MDG_Small island developing States,1982,132.2980243733861
MDG_Small island developing States,1983,132.2598203916072
MDG_Small island developing States,1984,134.47540150982718
MDG_Small island developing States,1985,133.396008254876
MDG_Small island developing States,1986,132.2411095984236
MDG_Small island developing States,1987,131.6816540689089
MDG_Small island developing States,1988,131.7856998057384
MDG_Small island developing States,1989,131.2455886202661
MDG_Small island developing States,1990,129.90295481404291
MDG_Small island developing States,1991,129.0625812073266
MDG_Small island developing States,1992,126.6703022930796
MDG_Small island developing States,1993,124.0189133351094
MDG_Small island developing States,1994,121.91107978247891
MDG_Small island developing States,1995,122.73318554090889
MDG_Small island developing States,1996,128.41353837235198
MDG_Small island developing States,1997,132.7634232707911
MDG_Small island developing States,1998,131.8764066640579
MDG_Small island developing States,1999,135.0257408727081
MDG_Small island developing States,2000,138.2225091359284
MDG_Small island developing States,2001,143.4374261504154
MDG_Small island developing States,2002,148.98746332054742
MDG_Small island developing States,2003,152.20244764146972
MDG_Small island developing States,2004,154.92735290370229
MDG_Small island developing States,2005,158.6082807078306
MDG_Small island developing States,2006,161.3388953024794
MDG_Small island developing States,2007,162.8778770932331
MDG_Small island developing States,2008,161.5307680221734
MDG_Small island developing States,2009,162.9562700167548
MDG_Small island developing States,2010,163.7711565530632
MDG_Small island developing States,2011,163.02934327937191
MDG_Small island developing States,2012,162.66032022832292
MDG_Small island developing States,2013,163.4271534466676
MDG_Small island developing States,2014,166.0486200080796
MDG_South-eastern Asia,1975,72.8365454486286
MDG_South-eastern Asia,1976,75.9073171425481
MDG_South-eastern Asia,1977,78.3014680228482
MDG_South-eastern Asia,1978,81.65597485049369
MDG_South-eastern Asia,1979,84.6357454443493
MDG_South-eastern Asia,1980,87.4955211742255
MDG_South-eastern Asia,1981,89.2596375423608
MDG_South-eastern Asia,1982,91.5598486388984
MDG_South-eastern Asia,1983,96.3319499194229
MDG_South-eastern Asia,1984,97.06576344575319
MDG_South-eastern Asia,1985,101.3387925028391
MDG_South-eastern Asia,1986,104.883534502663
MDG_South-eastern Asia,1987,111.6134254911515
MDG_South-eastern Asia,1988,112.98488020448079
MDG_South-eastern Asia,1989,113.360031389594
MDG_South-eastern Asia,1990,109.354467397446
MDG_South-eastern Asia,1991,110.2746174780188
MDG_South-eastern Asia,1992,112.9525049817756
MDG_South-eastern Asia,1993,115.7467971981219
MDG_South-eastern Asia,1994,120.5260182722552
MDG_South-eastern Asia,1995,127.80702560497281
MDG_South-eastern Asia,1996,134.620540395226
MDG_South-eastern Asia,1997,140.5641617674916
MDG_South-eastern Asia,1998,143.675883246076
MDG_South-eastern Asia,1999,144.6645242025738
MDG_South-eastern Asia,2000,147.0260649627236
MDG_South-eastern Asia,2001,149.0910207686817
MDG_South-eastern Asia,2002,153.1360547957951
MDG_South-eastern Asia,2003,159.4102407228332
MDG_South-eastern Asia,2004,163.8362288102617
MDG_South-eastern Asia,2005,163.1004753896634
MDG_South-eastern Asia,2006,169.010069116437
MDG_South-eastern Asia,2007,179.4099185192194
MDG_South-eastern Asia,2008,180.1357629700591
MDG_South-eastern Asia,2009,181.9087987158276
MDG_South-eastern Asia,2010,185.4747312617649
MDG_South-eastern Asia,2011,194.8408411349236
MDG_South-eastern Asia,2012,197.506512463712
MDG_South-eastern Asia,2013,199.94425434447191
MDG_South-eastern Asia,2014,200.5166109578292
MDG_Southern Asia,1999,119.47563687374199
MDG_Southern Asia,2000,123.1919551577277
MDG_Southern Asia,2001,123.7963327990164
MDG_Southern Asia,2002,127.6604586702451
MDG_Southern Asia,2003,132.0311616462684
MDG_Southern Asia,2004,135.2170111741431
MDG_Southern Asia,2005,140.0611532368
MDG_Southern Asia,2006,144.1220579137677
MDG_Southern Asia,2007,149.5465485121304
MDG_Southern Asia,2008,155.0414728438102
MDG_Southern Asia,2009,154.0404022821448
MDG_Southern Asia,2010,160.6342550058628
MDG_Southern Asia,2011,166.41639745055488
MDG_Southern Asia,2012,172.2901978452746
MDG_Southern Asia,2013,176.543572324187
MDG_Southern Asia,2014,177.2126166147435
MDG_Southern Asia excluding India,1975,21.8968726155414
MDG_Southern Asia excluding India,1976,64.953249931257
MDG_Southern Asia excluding India,1977,64.267922572864
MDG_Southern Asia excluding India,1978,66.4630795348164
MDG_Southern Asia excluding India,1979,66.1455079228994
MDG_Southern Asia excluding India,1980,69.3917023874103
MDG_Southern Asia excluding India,1981,67.7571939261613
MDG_Southern Asia excluding India,1982,69.2146313116778
MDG_Southern Asia excluding India,1983,72.3570911235643
MDG_Southern Asia excluding India,1984,74.1959309987102
MDG_Southern Asia excluding India,1985,75.0577413762698
MDG_Southern Asia excluding India,1986,76.1672518901594
MDG_Southern Asia excluding India,1987,79.4918693739162
MDG_Southern Asia excluding India,1988,80.874543150425
MDG_Southern Asia excluding India,1989,83.0368005399994
MDG_Southern Asia excluding India,1990,85.5245608577634
MDG_Southern Asia excluding India,1991,93.1061911728981
MDG_Southern Asia excluding India,1992,101.3691122146863
MDG_Southern Asia excluding India,1993,106.5324737597521
MDG_Southern Asia excluding India,1994,112.1964548648167
MDG_Southern Asia excluding India,1995,115.9965603341235
MDG_Southern Asia excluding India,1996,119.6720974434069
MDG_Southern Asia excluding India,1997,122.44528954385359
MDG_Southern Asia excluding India,1998,124.7204086230688
MDG_Southern Asia excluding India,1999,127.2258409007175
MDG_Southern Asia excluding India,2000,127.97688309987811
MDG_Southern Asia excluding India,2001,128.100808434753
MDG_Southern Asia excluding India,2002,128.7365237487039
MDG_Southern Asia excluding India,2003,127.1074380780692
MDG_Southern Asia excluding India,2004,126.618928523028
MDG_Southern Asia excluding India,2005,126.21199698445369
MDG_Southern Asia excluding India,2006,133.851073518493
MDG_Southern Asia excluding India,2007,136.5899477090162
MDG_Southern Asia excluding India,2008,137.5524847398596
MDG_Southern Asia excluding India,2009,141.26066928335212
MDG_Southern Asia excluding India,2010,143.6053899235767
MDG_Southern Asia excluding India,2011,145.7370059706022
MDG_Southern Asia excluding India,2012,150.8965205768045
MDG_Southern Asia excluding India,2013,154.5317836098749
MDG_Southern Asia excluding India,2014,156.7716926084215
MDG_Sub-Saharan Africa,1998,59.1730118272893
MDG_Sub-Saharan Africa,1999,60.0689129367031
MDG_Sub-Saharan Africa,2000,62.0608275423225
MDG_Sub-Saharan Africa,2001,64.3409138775322
MDG_Sub-Saharan Africa,2002,67.0776726959305
MDG_Sub-Saharan Africa,2003,69.7080374076201
MDG_Sub-Saharan Africa,2004,73.2000018610295
MDG_Sub-Saharan Africa,2005,75.87048219028131
MDG_Sub-Saharan Africa,2006,78.16723942158299
MDG_Sub-Saharan Africa,2007,80.9018212409278
MDG_Sub-Saharan Africa,2008,85.8090504165914
MDG_Sub-Saharan Africa,2009,89.8096074545233
MDG_Sub-Saharan Africa,2010,94.6354126006716
MDG_Sub-Saharan Africa,2011,96.6642519095567
MDG_Sub-Saharan Africa,2012,98.4747552703991
MDG_Sub-Saharan Africa,2013,98.9925034057086
MDG_Sub-Saharan Africa,2014,100.0750911976508
MDG_Western Asia,1975,86.0678839115012
MDG_Western Asia,1976,90.1299151359551
MDG_Western Asia,1977,95.5404732774724
MDG_Western Asia,1978,101.6280191646352
MDG_Western Asia,1979,105.42363524529549
MDG_Western Asia,1980,110.4343261704508
MDG_Western Asia,1981,110.6457698307669
MDG_Western Asia,1982,113.54136739948859
MDG_Western Asia,1983,113.91069864013011
MDG_Western Asia,1984,116.35784653466129
MDG_Western Asia,1985,120.53263277852889
MDG_Western Asia,1986,124.3883322663699
MDG_Western Asia,1987,125.84389897390321
MDG_Western Asia,1988,127.4722181519828
MDG_Western Asia,1989,129.3320591694858
MDG_Western Asia,1990,130.33338391909479
MDG_Western Asia,1991,131.8825772367828
MDG_Western Asia,1992,132.94653844181948
MDG_Western Asia,1993,137.5849051866961
MDG_Western Asia,1994,140.2738134827698
MDG_Western Asia,1995,144.0651202641989
MDG_Western Asia,1996,144.8401255041174
MDG_Western Asia,1997,145.0724620416297
MDG_Western Asia,1998,148.0213209279558
MDG_Western Asia,1999,150.1086879490245
MDG_Western Asia,2000,160.1520738843244
MDG_Western Asia,2001,170.49276248575
MDG_Western Asia,2002,171.89557571375138
MDG_Western Asia,2003,179.2714923230845
MDG_Western Asia,2004,185.7885855496846
MDG_Western Asia,2005,189.7973738991844
MDG_Western Asia,2006,193.1492949253525
MDG_Western Asia,2007,196.52749444492972
MDG_Western Asia,2008,196.99872687263968
MDG_Western Asia,2009,196.8346748183898
MDG_Western Asia,2010,202.1380762217133
MDG_Western Asia,2011,207.2544577354828
MDG_Western Asia,2012,205.4899773339272
MDG_Western Asia,2013,204.6564110300134
MDG_Western Asia,2014,209.40956083075758
Macao Special Administrative Region of China,1990,141.53713
Macao Special Administrative Region of China,1992,158.09758
Macao Special Administrative Region of China,1999,195.39703
Macao Special Administrative Region of China,2000,205.85660000000001
Macao Special Administrative Region of China,2001,214.4925
Macao Special Administrative Region of China,2002,225.11311
Macao Special Administrative Region of China,2003,237.01121
Macao Special Administrative Region of China,2004,247.23403000000002
Macao Special Administrative Region of China,2005,253.70075
Macao Special Administrative Region of China,2006,254.48392
Macao Special Administrative Region of China,2007,241.39253
Macao Special Administrative Region of China,2008,230.9062
Macao Special Administrative Region of China,2009,228.67537
Macao Special Administrative Region of China,2010,232.17023
Macao Special Administrative Region of China,2011,237.76291
Macao Special Administrative Region of China,2012,235.90726
Macao Special Administrative Region of China,2013,234.84771999999998
Macao Special Administrative Region of China,2014,235.18965000000003
Madagascar,2005,51.12992
Madagascar,2007,64.55637
Madagascar,2008,69.12595
Madagascar,2009,74.16449
Madagascar,2011,89.43703
Madagascar,2012,92.77524
Madagascar,2014,93.24101
Malawi,1998,26.00801
Malawi,1999,86.28037
Malawi,2000,88.91683
Malawi,2001,80.26814999999999
Malawi,2002,77.45570000000001
Malawi,2004,70.57867
Malawi,2005,68.44276
Malawi,2006,72.54226
Malawi,2007,73.25998
Malawi,2008,79.56747
Malawi,2009,80.93771
Malawi,2010,84.99408
Malawi,2011,87.87106
Malawi,2012,89.11539
Malawi,2013,96.08113
Malawi,2014,98.82587000000001
Malaysia,1998,66.49122
Malaysia,1999,66.06205
Malaysia,2000,65.99534
Malaysia,2001,65.6326
Malaysia,2002,65.79738
Malaysia,2003,70.90676
Malaysia,2004,71.72218
Malaysia,2005,68.38792
Malaysia,2006,67.73677
Malaysia,2007,65.88974
Malaysia,2008,65.73577
Malaysia,2009,65.11683
Malaysia,2010,66.35651
Malaysia,2011,66.27818
Malaysia,2012,68.82441
Malaysia,2013,68.73607
Malaysia,2014,69.09723
Maldives,1999,87.93361
Maldives,2000,110.66283
Maldives,2002,143.78845
Mali,1991,16.50797
Mali,2008,81.77563
Mali,2009,84.96672
Mali,2010,90.56916
Mali,2011,94.44144
Mali,2013,97.94238
Mali,2014,103.64084
Malta,1975,192.93114
Malta,1976,204.59467
Malta,1977,200.77566
Malta,1978,198.9075
Malta,1979,196.42059
Malta,1980,209.72859999999997
Malta,1981,204.17786
Malta,1982,221.56722
Malta,1983,231.12081
Malta,1984,238.49374
Malta,1985,239.53488000000002
Malta,1986,233.89031
Malta,1987,229.23563000000001
Malta,1988,228.04404
Malta,1989,232.15503999999999
Malta,1990,236.03488
Malta,1991,234.99629
Malta,1992,241.76306
Malta,1993,240.99969
Malta,1994,241.36419999999998
Malta,1995,245.47968
Malta,1996,244.13482000000002
Malta,1997,248.42579
Malta,1998,247.74239
Malta,1999,246.53934
Malta,2000,250.42654
Malta,2001,244.14574
Malta,2002,246.27841999999998
Malta,2003,258.24204
Malta,2004,262.92095
Malta,2005,264.24579
Malta,2006,259.19548
Malta,2008,239.47914
Malta,2010,237.80408
Malta,2012,244.0304
Malta,2013,239.93339000000003
Malta,2014,240.11658
Marshall Islands,2002,188.05344
Marshall Islands,2007,189.07476
Mauritania,2001,41.10828
Mauritania,2002,41.20588
Mauritania,2004,39.28148
Mauritania,2005,42.61362
Mauritania,2006,43.24364
Mauritania,2012,65.69985
Mauritania,2013,64.5199
Mauritania,2014,69.27939
Mauritius,1981,126.47854000000001
Mauritius,1982,124.06922
Mauritius,1998,193.30244
Mauritius,1999,199.30399999999997
Mauritius,2000,204.70569
Mauritius,2001,211.23395
Mauritius,2002,220.45017
Mauritius,2004,238.12259
Mexico,1986,44.95534
Mexico,1987,45.28586
Mexico,1988,44.52039
Mexico,1989,42.96671
Mexico,1990,43.86364
Mexico,1991,43.61847
Mexico,1994,45.68574
Mexico,1995,47.57098
Mexico,1996,49.73852
Mexico,1999,160.84456
Mexico,2000,163.9272
Mexico,2002,176.05323
Mexico,2003,183.73597
Mexico,2004,188.61184
Mexico,2005,192.63551
Mexico,2006,195.90306
Mexico,2007,199.35435999999999
Mexico,2008,201.23377
Mexico,2009,200.93084
Mexico,2010,200.93794000000003
Mexico,2011,200.80076000000003
Mexico,2012,202.27294
Moldova,2000,234.75787000000003
Moldova,2001,234.1463
Moldova,2002,236.79099
Moldova,2003,240.25477
Moldova,2004,243.31445000000002
Moldova,2005,245.42371
Moldova,2006,244.11565000000002
Moldova,2007,241.70835
Moldova,2008,250.5566
Moldova,2009,238.71091
Moldova,2010,235.90008
Moldova,2011,233.27174000000002
Moldova,2012,233.74549000000002
Moldova,2013,231.59933
Moldova,2014,230.60875
Mongolia,1980,78.88534
Mongolia,1995,178.17600000000002
Mongolia,1996,182.14185
Mongolia,1997,172.63514
Mongolia,1998,176.83701
Mongolia,1999,174.65678
Mongolia,2000,186.24848
Mongolia,2001,203.85942
Mongolia,2002,215.02683000000002
Mongolia,2003,229.78847000000002
Mongolia,2004,242.15816
Mongolia,2005,248.25923999999998
Mongolia,2006,245.69285000000002
Mongolia,2014,258.98924
Montserrat,2002,94.57627
Montserrat,2004,95.80257
Montserrat,2007,95.58824
Morocco,2005,119.12719999999999
Morocco,2006,126.24374
Morocco,2007,134.44948
Morocco,2008,140.78118
Morocco,2010,151.50393
Morocco,2011,159.5527
Morocco,2012,168.29626
Mozambique,1992,18.85485
Mozambique,1993,18.916890000000002
Mozambique,1994,18.35493
Mozambique,1995,19.12114
Mozambique,1999,8.065000000000001
Mozambique,2000,9.59195
Mozambique,2001,10.31982
Mozambique,2002,12.83277
Mozambique,2004,12.12861
Mozambique,2005,20.67891
Mozambique,2006,26.076790000000003
Mozambique,2007,30.67051
Mozambique,2008,35.29782
Mozambique,2009,42.00976
Mozambique,2010,45.90093
Mozambique,2011,49.002919999999996
Mozambique,2012,50.11711
Mozambique,2013,51.876090000000005
Mozambique,2014,53.674
Myanmar,1999,87.16720000000001
Myanmar,2000,97.34003
Myanmar,2001,106.15482
Myanmar,2002,105.83859000000001
Myanmar,2003,107.92164
Myanmar,2004,121.17589
Myanmar,2005,122.92866000000001
Myanmar,2006,129.46093
Myanmar,2007,130.43544
Myanmar,2008,45.33111
Myanmar,2009,134.47317
Myanmar,2010,135.17175
Myanmar,2014,144.77233
Namibia,1995,31.8756
Namibia,1998,107.95957999999999
Namibia,1999,116.94878
Namibia,2000,128.23454
Namibia,2001,133.66837
Namibia,2002,150.54698000000002
Namibia,2003,141.57679
Namibia,2004,144.99958
Namibia,2005,149.8322
Namibia,2006,150.56338
Namibia,2007,153.84865
Nauru,2012,224.90519999999998
Nauru,2014,215.9799
Nepal,2007,134.62704
Nepal,2008,144.55597
Nepal,2010,151.37481
Nepal,2011,164.06822
Nepal,2012,172.93743
Nepal,2013,176.43324
Nepal,2014,179.12364
Nepal,2015,181.38735
Netherlands,1975,231.86387000000002
Netherlands,1976,241.72178000000002
Netherlands,1977,244.70729
Netherlands,1978,245.17444
Netherlands,1979,243.92388
Netherlands,1980,241.85241000000002
Netherlands,1981,240.70055
Netherlands,1982,242.66446000000002
Netherlands,1983,246.08483999999999
Netherlands,1984,251.10559
Netherlands,1985,251.75077
Netherlands,1986,262.26103
Netherlands,1987,262.68276000000003
Netherlands,1988,257.84272
Netherlands,1989,253.90857999999997
Netherlands,1990,251.75212
Netherlands,1991,251.97069
Netherlands,1992,254.49043
Netherlands,1993,259.02211
Netherlands,1995,274.59258
Netherlands,1996,274.53461
Netherlands,1997,270.76644999999996
Netherlands,1999,92.17413
Netherlands,2002,271.44351
Netherlands,2003,267.31395
Netherlands,2004,268.71087
Netherlands,2005,262.87163
Netherlands,2006,267.68782999999996
Netherlands,2007,268.07777999999996
Netherlands,2008,267.15852
Netherlands,2009,265.4693
Netherlands,2010,265.9351
Netherlands,2011,268.97144000000003
Netherlands,2012,271.2255
New Zealand,1977,240.50973
New Zealand,1979,240.72922
New Zealand,1980,238.65141
New Zealand,1981,240.72721
New Zealand,1982,243.25784
New Zealand,1983,250.37921
New Zealand,1984,249.63276000000002
New Zealand,1985,246.86838999999998
New Zealand,1986,246.91901000000001
New Zealand,1987,247.68059
New Zealand,1988,250.87013
New Zealand,1989,252.34649000000002
New Zealand,1990,253.93613
New Zealand,1991,259.72306000000003
New Zealand,1992,262.75973
New Zealand,1994,276.93064000000004
New Zealand,1995,269.64737
New Zealand,1996,279.08641
New Zealand,1997,274.63839
New Zealand,1998,271.86976
New Zealand,2002,274.29967
New Zealand,2009,283.34116
New Zealand,2010,283.94939999999997
New Zealand,2011,288.79484
New Zealand,2012,288.52631
New Zealand,2013,288.79883
New Zealand,2014,289.36277
Nicaragua,1980,60.85745
Nicaragua,1983,57.8566
Nicaragua,1984,53.57745
Nicaragua,1985,50.58683
Nicaragua,1986,54.4935
Nicaragua,1987,60.67558
Nicaragua,1989,63.17004
Nicaragua,2000,111.31298
Nicaragua,2001,117.99493000000001
Nicaragua,2002,124.71059
Nicaragua,2004,134.80756
Nicaragua,2005,145.06336
Nicaragua,2006,138.86709000000002
Nicaragua,2010,146.96451000000002
Niger,1976,5.02971
Niger,1977,6.34276
Niger,1978,7.66036
Niger,1979,9.33255
Niger,1981,10.717780000000001
Niger,1990,16.80475
Niger,1991,18.08476
Niger,1997,16.90487
Niger,1999,17.0336
Niger,2001,16.771630000000002
Niger,2002,17.384610000000002
Niger,2003,19.24493
Niger,2004,23.38565
Niger,2005,26.35819
Niger,2007,27.354280000000003
Niger,2008,29.355760000000004
Niger,2009,29.84734
Niger,2010,33.80496
Niger,2011,35.76929
Niger,2014,46.99296
Niue,1999,257.53972
Norway,1978,242.43948
Norway,1979,246.36221
Norway,1981,250.63112999999998
Norway,1982,252.29484000000002
Norway,1984,256.04076
Norway,1985,257.87215000000003
Norway,1986,258.17042000000004
Norway,1987,255.65147000000002
Norway,1988,253.88406
Norway,1989,255.25822
Norway,1990,262.09811
Norway,1991,263.21496
Norway,1992,266.75563999999997
Norway,1993,272.23407
Norway,1997,289.84161
Norway,1998,288.57779
Norway,1999,285.88946
Norway,2000,284.35319
Norway,2001,283.21549
Norway,2002,282.65879
Norway,2003,285.5386
Norway,2004,288.64184
Norway,2005,290.58858
Norway,2006,291.76277
Norway,2007,292.53837
Norway,2008,290.45986
Norway,2009,288.20814
Norway,2010,287.49640999999997
Norway,2011,286.64386
Norway,2012,283.84891
Norway,2013,284.60167
Norway,2014,285.61734
Occupied Palestinian Territory,1999,219.65292
Occupied Palestinian Territory,2000,224.01443
Occupied Palestinian Territory,2001,226.32008
Occupied Palestinian Territory,2002,234.31961
Occupied Palestinian Territory,2003,242.67464
Occupied Palestinian Territory,2004,253.63203000000001
Occupied Palestinian Territory,2005,256.91256999999996
Occupied Palestinian Territory,2006,260.14973
Occupied Palestinian Territory,2007,259.61991
Occupied Palestinian Territory,2008,259.21175
Occupied Palestinian Territory,2009,255.34455
Occupied Palestinian Territory,2010,249.63296
Occupied Palestinian Territory,2011,243.22455
Occupied Palestinian Territory,2012,242.9057
Occupied Palestinian Territory,2013,241.20984
Occupied Palestinian Territory,2014,240.5235
Oman,1978,3.57781
Oman,1979,5.28208
Oman,1981,10.13505
Oman,1982,35.94887
Oman,1993,147.70885
Oman,1999,192.82519
Oman,2000,205.73687
Oman,2001,216.54102
Oman,2002,222.33836000000002
Oman,2003,224.40492
Oman,2009,271.59087999999997
Oman,2011,275.28238
Pakistan,2006,95.40065
Pakistan,2007,102.85464999999999
Pakistan,2008,103.98364000000001
Pakistan,2009,104.43497
Pakistan,2011,108.51736
Pakistan,2012,113.03687
Pakistan,2013,117.60566
Pakistan,2014,123.16781
Panama,1999,171.32659999999998
Panama,2000,174.98557
Panama,2001,181.2692
Panama,2002,186.71795
Panama,2004,185.30496
Panama,2005,186.08434
Panama,2008,190.75016
Panama,2009,190.89808
Panama,2010,198.5625
Panama,2011,196.75287
Panama,2012,233.59328
Paraguay,1994,100.05954
Paraguay,1996,114.84976
Paraguay,1998,129.38337
Paraguay,1999,138.20665
Paraguay,2001,156.73005999999998
Paraguay,2002,160.56933
Paraguay,2003,164.50266
Paraguay,2004,170.83843
Paraguay,2005,173.33911
Paraguay,2006,174.47585
Paraguay,2007,176.48196000000002
Paraguay,2008,180.20093
Paraguay,2009,181.7036
Paraguay,2010,184.65931
Paraguay,2011,189.90017
Paraguay,2012,199.37310000000002
Peru,1981,134.6643
Peru,1995,159.07581
Peru,1996,54.78825
Peru,1997,55.4927
Peru,1998,185.00747
Peru,1999,187.86476
Peru,2000,195.02993
Peru,2001,203.43043999999998
Peru,2002,205.08541
Peru,2004,204.90088
Peru,2005,209.61029
Peru,2006,216.32524999999998
Peru,2007,226.6006
Peru,2008,231.23532
Peru,2009,239.76939
Peru,2010,79.7492
Peru,2011,240.13878999999997
Peru,2012,226.60132
Peru,2013,238.44778
Peru,2014,235.18998
Philippines,1979,46.19161
Philippines,1992,55.36728
Philippines,1993,56.84965
Philippines,1994,57.69222
Philippines,1996,57.93086
Philippines,1998,145.70356
Philippines,1999,149.48644
Philippines,2001,152.7474
Philippines,2002,163.99081999999999
Philippines,2003,172.1798
Philippines,2004,177.94756999999998
Philippines,2005,176.74453
Philippines,2006,177.31197
Philippines,2007,179.70539
Philippines,2008,181.37377
Philippines,2009,183.65867
Philippines,2013,202.74151
Poland,1999,267.74709
Poland,2000,268.38955
Poland,2001,270.18959
Poland,2002,272.57952
Poland,2003,273.71326
Poland,2004,268.84154
Poland,2005,275.84956
Poland,2006,276.22254
Poland,2007,275.45959
Poland,2008,273.91577
Poland,2009,272.0566
Poland,2010,271.17643999999996
Poland,2011,270.11663999999996
Poland,2012,270.88773000000003
Poland,2013,276.23675000000003
Portugal,1976,88.91955
Portugal,1977,31.55987
Portugal,1978,96.79966
Portugal,1993,209.05522
Portugal,1994,231.52359
Portugal,1995,226.80209
Portugal,1999,242.37979
Portugal,2000,245.33176
Portugal,2001,238.2353
Portugal,2002,237.54644000000002
Portugal,2003,241.41841
Portugal,2005,246.58108
Portugal,2006,248.31502
Portugal,2013,92.73551
Portugal,2014,93.03503
Puerto Rico,2011,220.69131
Puerto Rico,2012,220.07507999999999
Puerto Rico,2013,224.20763
Qatar,1976,37.62989
Qatar,1977,37.69994
Qatar,1978,44.29703
Qatar,1979,49.37255
Qatar,1980,163.73655
Qatar,1981,57.33184
Qatar,1983,190.64556
Qatar,1984,191.1775
Qatar,1985,200.05313
Qatar,1986,69.28217
Qatar,1987,61.63767
Qatar,1988,62.8364
Qatar,1990,65.85515
Qatar,1991,204.11621
Qatar,1992,68.68767
Qatar,1993,76.86181
Qatar,1994,81.44073
Qatar,1998,236.55327999999997
Qatar,1999,219.89198
Qatar,2002,224.55169
Qatar,2004,98.16925
Qatar,2005,97.95019
Qatar,2006,285.71633
Qatar,2007,244.59969
Qatar,2009,254.56839
Qatar,2010,270.22686999999996
Qatar,2011,94.53256
Republic of Korea,1975,149.82909999999998
Republic of Korea,1976,161.42544
Republic of Korea,1977,172.7912
Republic of Korea,1978,183.0125
Republic of Korea,1979,194.3538
Republic of Korea,1980,208.77384
Republic of Korea,1981,220.59927
Republic of Korea,1984,243.47343999999998
Republic of Korea,1985,248.36105
Republic of Korea,1986,253.5996
Republic of Korea,1989,252.49022
Republic of Korea,1991,264.43338
Republic of Korea,1992,262.21964
Republic of Korea,1996,295.89452
Republic of Korea,1997,298.38403
Republic of Korea,1998,289.92857
Republic of Korea,1999,287.81886
Republic of Korea,2000,284.94702
Republic of Korea,2001,277.72849
Republic of Korea,2002,267.12332
Republic of Korea,2003,262.34396
Republic of Korea,2004,263.2685
Republic of Korea,2005,273.63219
Republic of Korea,2006,287.4532
Republic of Korea,2007,98.0701
Republic of Korea,2008,292.28407
Republic of Korea,2009,290.14746
Republic of Korea,2010,284.34593
Republic of Korea,2011,283.11573
Republic of Korea,2012,284.17059
Republic of Korea,2013,288.42006
Romania,1996,209.08335999999997
Romania,1997,211.31547
Romania,2013,260.26527
Romania,2014,256.83525
Saint Kitts and Nevis,1986,199.81893
Saint Kitts and Nevis,1988,222.02852000000001
Saint Kitts and Nevis,1989,223.51605
Saint Kitts and Nevis,1992,237.07644
Saint Kitts and Nevis,2000,95.82966
Saint Kitts and Nevis,2001,90.95349
Saint Kitts and Nevis,2002,245.95526999999998
Saint Kitts and Nevis,2003,237.23015
Saint Kitts and Nevis,2004,234.32987
Saint Kitts and Nevis,2005,239.84349
Saint Kitts and Nevis,2007,253.47770000000003
Saint Kitts and Nevis,2008,273.52625
Saint Kitts and Nevis,2009,271.38765
Saint Kitts and Nevis,2010,264.95554
Saint Kitts and Nevis,2011,257.76601
Saint Kitts and Nevis,2012,210.32172000000003
Saint Kitts and Nevis,2013,255.14961
Saint Kitts and Nevis,2014,248.83746
Saint Lucia,1999,182.48633999999998
Saint Lucia,2000,186.63727
Saint Lucia,2001,182.33947
Saint Lucia,2002,180.83338
Saint Lucia,2003,190.63759
Saint Lucia,2004,187.79964999999999
Saint Lucia,2005,203.71062
Saint Lucia,2006,205.75858
Saint Lucia,2007,231.17207000000002
Saint Lucia,2008,240.25232
Saint Lucia,2009,249.63404
Saint Lucia,2010,251.2683
Saint Lucia,2011,248.56571
Saint Lucia,2012,247.25574999999998
Saint Lucia,2013,241.97044
Saint Vincent and the Grenadines,1984,110.81547
Saint Vincent and the Grenadines,2000,67.91681
Saint Vincent and the Grenadines,2001,204.01161000000002
Saint Vincent and the Grenadines,2002,218.38553
Saint Vincent and the Grenadines,2003,215.88769000000002
Saint Vincent and the Grenadines,2004,226.91789
Saint Vincent and the Grenadines,2005,218.71503
Saint Vincent and the Grenadines,2008,90.40179
Saint Vincent and the Grenadines,2009,267.01664
Saint Vincent and the Grenadines,2010,255.58906000000002
Samoa,1995,123.03049
Samoa,1998,206.02409999999998
Samoa,1999,213.65275000000003
Samoa,2000,194.13065
Samoa,2001,197.90834
Samoa,2009,240.26574
Samoa,2010,242.05222
Samoa,2011,240.52625999999998
Samoa,2012,239.39567
Samoa,2014,239.01712
Sao Tome and Principe,1988,93.3219
Sao Tome and Principe,2003,82.05063
Sao Tome and Principe,2004,77.70402999999999
Sao Tome and Principe,2005,93.17808
Sao Tome and Principe,2007,98.44932
Sao Tome and Principe,2008,96.4178
Sao Tome and Principe,2009,100.15648999999999
Sao Tome and Principe,2010,107.23109
Sao Tome and Principe,2011,142.57663
Saudi Arabia,1979,17.35909
Saudi Arabia,2009,222.72152
Saudi Arabia,2013,241.35424
Saudi Arabia,2014,87.83481
Senegal,2004,44.30612
Senegal,2005,58.37086
Senegal,2006,61.25762
Serbia,2008,268.82054
Serbia,2009,270.78064
Serbia,2010,270.54063
Serbia,2011,277.52207
Serbia,2012,278.66825
Serbia,2013,279.16182
Serbia,2014,276.67427
Seychelles,1979,134.92075
Seychelles,1993,236.73931
Seychelles,1994,246.76183
Seychelles,1995,246.50506000000001
Seychelles,1996,250.78071999999997
Seychelles,1998,89.64277
Seychelles,1999,199.64452
Seychelles,2000,196.05217
Seychelles,2001,213.78847
Seychelles,2002,212.03265
Seychelles,2003,224.90327000000002
Seychelles,2004,224.82832000000002
Seychelles,2005,244.83806
Seychelles,2007,235.63093
Seychelles,2008,227.21497
Seychelles,2009,226.79546
Seychelles,2010,222.45601
Seychelles,2011,225.03079
Seychelles,2014,74.57037
Sierra Leone,2012,110.66225
Slovenia,1998,267.25048000000004
Slovenia,1999,270.24697000000003
Slovenia,2000,274.14902
Slovenia,2001,276.07783
Slovenia,2002,277.83455000000004
Slovenia,2003,278.82406000000003
Slovenia,2004,276.62799
Slovenia,2005,275.9066
Slovenia,2006,274.59664
Slovenia,2007,278.30758000000003
Slovenia,2008,277.22998
Slovenia,2009,277.68969
Slovenia,2010,278.98493
Slovenia,2011,279.41663
Slovenia,2012,280.756
Slovenia,2013,285.26189999999997
Slovenia,2014,284.85745
Solomon Islands,1999,70.48062
Solomon Islands,2000,56.42001
Solomon Islands,2001,65.59453
Solomon Islands,2002,84.60624
Solomon Islands,2006,102.61823
Solomon Islands,2007,92.83681
Solomon Islands,2010,128.84332999999998
Solomon Islands,2011,124.14007000000001
Solomon Islands,2012,126.63042000000002
Somalia,1977,0.29638
Somalia,1978,0.39606
Somalia,1979,0.70242
Somalia,1980,0.6630699999999999
South Africa,1994,151.23993000000002
South Africa,1999,184.56037
South Africa,2000,180.9767
South Africa,2001,181.3283
South Africa,2002,184.89943
South Africa,2003,187.25615
South Africa,2004,189.11104
South Africa,2005,192.32456
Spain,1975,173.96744
Spain,1976,184.20461
Spain,1977,193.40832
Spain,1978,198.68533000000002
Spain,1979,207.17283
Spain,1980,217.19955
Spain,1981,220.67102
Spain,1999,261.72289
Spain,2000,266.38228
Spain,2001,271.15596
Spain,2002,272.98246
Spain,2003,274.17347
Spain,2004,277.69197
Spain,2005,280.32504
Spain,2006,279.17991
Spain,2007,279.04296999999997
Spain,2008,279.70068000000003
Spain,2009,281.29287
Spain,2010,284.72731999999996
Spain,2011,285.21698
Spain,2012,287.43306
Spain,2013,289.05217
Spain,2014,289.41201
Sri Lanka,1986,176.09077
Sri Lanka,2010,252.30915
Sri Lanka,2011,256.30116
Suriname,1987,153.74221
Suriname,1988,147.91706
Suriname,2009,152.21349
Suriname,2011,174.37623000000002
Suriname,2013,162.89448
Swaziland,1975,55.610820000000004
Swaziland,1976,58.9595
Swaziland,1977,63.69117
Swaziland,1998,105.08377
Swaziland,1999,97.37419
Swaziland,2000,89.43199
Swaziland,2001,89.82494
Swaziland,2002,90.51047
Swaziland,2003,86.05776
Swaziland,2004,97.96959
Swaziland,2005,94.68725
Swaziland,2006,83.1961
Swaziland,2007,86.75651
Swaziland,2009,95.66307
Swaziland,2010,98.51357
Swaziland,2011,104.7898
Swaziland,2012,106.29478999999999
Swaziland,2013,103.38104
Sweden,1989,254.51014999999998
Sweden,1990,254.7014
Sweden,1991,255.82774
Sweden,1992,259.36911
Sweden,1993,271.68603
Sweden,1994,281.38309000000004
Sweden,1995,286.90407
Sweden,1996,292.62261
Sweden,1997,294.15534
Sweden,1999,288.48993
Sweden,2000,286.76207
Sweden,2001,284.88926
Sweden,2002,292.28157
Sweden,2003,295.06407
Sweden,2004,98.72249
Sweden,2005,99.83368
Sweden,2006,298.85351
Sweden,2007,296.10699
Sweden,2008,292.16391
Sweden,2009,285.78610000000003
Sweden,2010,279.41468
Sweden,2011,274.48733
Sweden,2012,277.32603
Sweden,2013,283.19393
Sweden,2014,289.94453
Switzerland,1981,235.69335999999998
Switzerland,1982,235.08809
Switzerland,1983,234.22682
Switzerland,1984,233.88986
Switzerland,1985,233.50375000000003
Switzerland,1986,232.17081000000002
Switzerland,1987,230.972
Switzerland,1988,230.73497
Switzerland,1989,229.7701
Switzerland,1990,231.34638999999999
Switzerland,1991,233.79683
Switzerland,1992,236.04321
Switzerland,1993,239.33839
Switzerland,1994,242.53202
Switzerland,1999,253.17202
Switzerland,2000,253.28036
Switzerland,2001,251.72897
Switzerland,2002,249.35866
Switzerland,2003,249.27346
Switzerland,2004,251.11678999999998
Switzerland,2005,253.33462000000003
Switzerland,2006,254.83174
Switzerland,2007,253.71929
Switzerland,2008,252.77097
Switzerland,2009,250.1409
Switzerland,2010,250.34556
Switzerland,2011,248.95947
Switzerland,2012,242.81076000000002
Switzerland,2013,249.90796999999998
Switzerland,2014,252.68878999999998
Syrian Arab Republic,1975,107.82858999999999
Syrian Arab Republic,1976,115.06025
Syrian Arab Republic,1977,121.50917000000001
Syrian Arab Republic,1978,123.99331
Syrian Arab Republic,1979,128.56637
Syrian Arab Republic,1980,126.88754
Syrian Arab Republic,1981,119.85819000000001
Syrian Arab Republic,1995,114.61269
Syrian Arab Republic,1996,112.85467
Syrian Arab Republic,1997,112.69434
Syrian Arab Republic,1998,115.83233000000001
Syrian Arab Republic,1999,115.79929999999999
Syrian Arab Republic,2000,118.30696
Syrian Arab Republic,2001,123.23284
Syrian Arab Republic,2002,123.46835
Syrian Arab Republic,2003,172.70461
Syrian Arab Republic,2004,183.22378
Syrian Arab Republic,2005,192.6227
Syrian Arab Republic,2006,192.186
Syrian Arab Republic,2007,197.29196
Syrian Arab Republic,2008,199.42602
Syrian Arab Republic,2009,199.97653
Syrian Arab Republic,2010,202.28557
Syrian Arab Republic,2011,208.62716
Syrian Arab Republic,2012,215.29633
Syrian Arab Republic,2013,139.83474999999999
Tajikistan,1999,187.58191
Tajikistan,2000,211.35073999999997
Tajikistan,2001,216.00753
Tajikistan,2002,224.4454
Tajikistan,2004,233.81567
Tajikistan,2005,234.66785000000002
Tajikistan,2006,237.3834
Tajikistan,2007,240.58062
Tajikistan,2008,243.81215
Tajikistan,2009,244.06148000000002
Tajikistan,2010,246.47463
Tajikistan,2011,249.4993
Thailand,2006,202.08429
Thailand,2007,214.72759000000002
Thailand,2008,223.43963000000002
Thailand,2009,231.7306
Thailand,2010,234.75377
Thailand,2011,245.35102
Thailand,2012,238.86176
The former Yugoslav Republic of Macedonia,2005,246.48436
Timor-Leste,2008,102.24444
Timor-Leste,2009,119.64407
Timor-Leste,2010,131.49888
Timor-Leste,2011,141.28497
Timor-Leste,2012,145.94583
Timor-Leste,2013,145.99732
Timor-Leste,2014,155.73076
Togo,1991,47.37254
Togo,1999,61.17087
Togo,2000,70.65314000000001
Tonga,1985,207.15271
Tonga,1990,245.58796
Tonga,1998,211.70279
Tonga,1999,74.4594
Tonga,2001,229.8505
Tonga,2012,249.05160999999998
Tonga,2013,229.51171
Tonga,2014,226.68083000000001
Trinidad and Tobago,1993,200.61526
Trinidad and Tobago,2004,218.00466
Tunisia,1978,60.72891
Tunisia,1979,64.26282
Tunisia,1980,66.59562
Tunisia,1983,85.95654
Tunisia,1984,91.21431
Tunisia,1985,97.01197
Turkey,1986,38.50518
Turkey,1987,39.73007
Turkey,1988,41.25974
Turkey,1989,42.76296
Turkey,1990,43.68782
Turkey,1991,45.43815
Turkey,1992,46.83832
Turkey,1993,49.98479
Turkey,1997,161.20827
Turkey,1999,171.34046
Turkey,2000,190.92555
Turkey,2001,215.4055
Turkey,2002,213.97478
Turkey,2003,214.44312000000002
Turkey,2004,220.43382
Turkey,2005,227.5236
Turkey,2006,235.32409
Turkey,2007,240.55941
Turkey,2008,238.80874
Turkey,2009,229.02465999999998
Turkey,2010,242.50561
Turkey,2011,252.42597
Turkey,2012,243.41568999999998
Turkey,2013,260.03144
Tuvalu,2014,210.25119
Uganda,2000,41.06528
Uganda,2001,42.19609
Uganda,2002,48.84494
Uganda,2003,48.68208
Uganda,2004,47.14272
Uganda,2005,46.34061
Uganda,2006,50.731750000000005
Uganda,2007,57.061499999999995
Uganda,2008,63.83047
Uganda,2009,66.05116000000001
Uganda,2010,68.61267000000001
Ukraine,2000,285.62606
Ukraine,2001,96.66302
Ukraine,2002,92.5825
Ukraine,2003,93.11273
Ukraine,2004,92.01649
Ukraine,2005,86.92575
Ukraine,2006,263.04584
Ukraine,2007,261.16413
Ukraine,2008,259.24607000000003
Ukraine,2009,256.26269
Ukraine,2010,256.67846
Ukraine,2011,251.92552
Ukraine,2012,255.20492
Ukraine,2013,259.90894000000003
Ukraine,2014,265.71786
United Arab Emirates,1978,26.8682
United Arab Emirates,1980,111.98231000000001
United Arab Emirates,1991,59.19457
United Arab Emirates,1992,61.59422
United Arab Emirates,1993,65.55525
United Arab Emirates,1994,212.69245
United Arab Emirates,1995,223.20933
United Arab Emirates,1997,215.33708000000001
United Arab Emirates,1998,214.83852000000002
United Arab Emirates,1999,226.78998
United Kingdom of Great Britain and Northern Ireland,1975,229.32957
United Kingdom of Great Britain and Northern Ireland,1976,232.12971
United Kingdom of Great Britain and Northern Ireland,1977,230.72578
United Kingdom of Great Britain and Northern Ireland,1978,228.39944
United Kingdom of Great Britain and Northern Ireland,1979,226.60576
United Kingdom of Great Britain and Northern Ireland,1981,230.45141999999998
United Kingdom of Great Britain and Northern Ireland,1982,232.79028999999997
United Kingdom of Great Britain and Northern Ireland,1983,236.50708
United Kingdom of Great Britain and Northern Ireland,1984,236.70686999999998
United Kingdom of Great Britain and Northern Ireland,1986,240.81071
United Kingdom of Great Britain and Northern Ireland,1987,240.30651
United Kingdom of Great Britain and Northern Ireland,1990,235.36266
United Kingdom of Great Britain and Northern Ireland,1991,243.06759
United Kingdom of Great Britain and Northern Ireland,1992,250.98087999999998
United Kingdom of Great Britain and Northern Ireland,1993,276.21632999999997
United Kingdom of Great Britain and Northern Ireland,1994,281.74235
United Kingdom of Great Britain and Northern Ireland,1995,284.51065
United Kingdom of Great Britain and Northern Ireland,1996,281.87094
United Kingdom of Great Britain and Northern Ireland,1997,278.36079
United Kingdom of Great Britain and Northern Ireland,1998,280.59995
United Kingdom of Great Britain and Northern Ireland,1999,284.08787
United Kingdom of Great Britain and Northern Ireland,2000,284.18985
United Kingdom of Great Britain and Northern Ireland,2001,284.96457
United Kingdom of Great Britain and Northern Ireland,2002,286.99307999999996
United Kingdom of Great Britain and Northern Ireland,2003,286.41399
United Kingdom of Great Britain and Northern Ireland,2004,285.01844
United Kingdom of Great Britain and Northern Ireland,2005,286.67656
United Kingdom of Great Britain and Northern Ireland,2006,277.28132
United Kingdom of Great Britain and Northern Ireland,2007,272.86212
United Kingdom of Great Britain and Northern Ireland,2008,276.3293
United Kingdom of Great Britain and Northern Ireland,2009,281.12698
United Kingdom of Great Britain and Northern Ireland,2010,285.72316
United Kingdom of Great Britain and Northern Ireland,2011,276.14869
United Kingdom of Great Britain and Northern Ireland,2012,271.92233
United Kingdom of Great Britain and Northern Ireland,2013,283.01973
United Kingdom of Great Britain and Northern Ireland,2014,294.86159
United States of America,1987,266.02747999999997
United States of America,1993,262.41823999999997
United States of America,1994,265.30915
United States of America,1995,265.33315
United States of America,1996,262.53376000000003
United States of America,1999,87.22757
United States of America,2000,258.35464
United States of America,2001,261.09517
United States of America,2002,256.86424
United States of America,2003,267.52662
United States of America,2004,270.43397
United States of America,2005,269.81573
United States of America,2006,268.91056000000003
United States of America,2007,269.6609
United States of America,2008,270.24275
United States of America,2009,268.13526
United States of America,2010,263.71884
United States of America,2011,265.62125000000003
United States of America,2012,264.43176
United States of America,2013,267.72929
United States of America,2014,271.46438
Uruguay,1984,56.173
Uruguay,2007,202.96026
Uruguay,2008,208.38566
Uruguay,2009,213.97942999999998
Uruguay,2010,216.09526
Uruguay,2013,225.71165000000002
Vanuatu,1989,42.42506
Vanuatu,1991,50.028620000000004
Vanuatu,1999,88.95164
Vanuatu,2000,100.09526
Vanuatu,2001,102.91337999999999
Vanuatu,2002,113.99122
Vanuatu,2003,114.77643
Vanuatu,2004,121.649
Vanuatu,2010,154.84196
Venezuela (Bolivarian Republic of),1999,143.39257
Venezuela (Bolivarian Republic of),2000,151.64726
Venezuela (Bolivarian Republic of),2001,161.17518
Venezuela (Bolivarian Republic of),2002,168.39001
Venezuela (Bolivarian Republic of),2003,173.10548
Venezuela (Bolivarian Republic of),2004,180.07125000000002
Venezuela (Bolivarian Republic of),2005,185.42292
Venezuela (Bolivarian Republic of),2006,195.60484
Venezuela (Bolivarian Republic of),2007,202.21985
Venezuela (Bolivarian Republic of),2008,205.51513999999997
Venezuela (Bolivarian Republic of),2009,210.50898999999998
Venezuela (Bolivarian Republic of),2010,211.38172
Venezuela (Bolivarian Republic of),2011,214.85359
Venezuela (Bolivarian Republic of),2012,220.59945
Venezuela (Bolivarian Republic of),2013,222.17727000000002
Venezuela (Bolivarian Republic of),2014,224.51578999999998
Viet Nam,1977,35.76655
Yemen,1999,96.92994999999999
Yemen,2010,116.92505
Yemen,2012,124.84822
Zimbabwe,1999,119.66726
Zimbabwe,2000,119.88748
Zimbabwe,2001,122.08090999999999
Zimbabwe,2002,116.26804999999999
Zimbabwe,2003,105.12738
Zimbabwe,2012,130.03567
Zimbabwe,2013,132.70999
